ADM1_NAME,ADM2_NAME,year,sightings
New South Wales,Armidale Dumaresq (A),1990,11
New South Wales,Armidale Dumaresq (A),1991,4
New South Wales,Armidale Dumaresq (A),1992,409
New South Wales,Armidale Dumaresq (A),1993,191
New South Wales,Armidale Dumaresq (A),1994,15
New South Wales,Armidale Dumaresq (A),1995,31
New South Wales,Armidale Dumaresq (A),1996,16
New South Wales,Armidale Dumaresq (A),1997,34
New South Wales,Armidale Dumaresq (A),1998,17
New South Wales,Armidale Dumaresq (A),1999,19
New South Wales,Armidale Dumaresq (A),2000,32
New South Wales,Armidale Dumaresq (A),2001,41
New South Wales,Armidale Dumaresq (A),2002,32
New South Wales,Armidale Dumaresq (A),2003,15
New South Wales,Armidale Dumaresq (A),2004,37
New South Wales,Armidale Dumaresq (A),2005,23
New South Wales,Armidale Dumaresq (A),2006,21
New South Wales,Armidale Dumaresq (A),2007,28
New South Wales,Armidale Dumaresq (A),2008,33
New South Wales,Armidale Dumaresq (A),2009,56
New South Wales,Armidale Dumaresq (A),2010,147
New South Wales,Armidale Dumaresq (A),2011,69
New South Wales,Armidale Dumaresq (A),2012,76
New South Wales,Armidale Dumaresq (A),2013,208
New South Wales,Armidale Dumaresq (A),2014,126
New South Wales,Armidale Dumaresq (A),2015,190
New South Wales,Armidale Dumaresq (A),2016,181
New South Wales,Armidale Dumaresq (A),2017,137
New South Wales,Armidale Dumaresq (A),2018,104
New South Wales,Armidale Dumaresq (A),2019,134
New South Wales,Armidale Dumaresq (A),2020,101
New South Wales,Armidale Dumaresq (A),2021,63
New South Wales,Armidale Dumaresq (A),2022,114
New South Wales,Armidale Dumaresq (A),2023,3083
New South Wales,Armidale Dumaresq (A),2024,725
New South Wales,Armidale Dumaresq (A),2025,989
New South Wales,Armidale Dumaresq (A),2026,569
New South Wales,Bega Valley (A),1990,150
New South Wales,Bega Valley (A),1991,225
New South Wales,Bega Valley (A),1992,228
New South Wales,Bega Valley (A),1993,226
New South Wales,Bega Valley (A),1994,1752
New South Wales,Bega Valley (A),1995,1101
New South Wales,Bega Valley (A),1996,908
New South Wales,Bega Valley (A),1997,616
New South Wales,Bega Valley (A),1998,223
New South Wales,Bega Valley (A),1999,294
New South Wales,Bega Valley (A),2000,338
New South Wales,Bega Valley (A),2001,284
New South Wales,Bega Valley (A),2002,128
New South Wales,Bega Valley (A),2003,115
New South Wales,Bega Valley (A),2004,73
New South Wales,Bega Valley (A),2005,151
New South Wales,Bega Valley (A),2006,110
New South Wales,Bega Valley (A),2007,123
New South Wales,Bega Valley (A),2008,229
New South Wales,Bega Valley (A),2009,229
New South Wales,Bega Valley (A),2010,292
New South Wales,Bega Valley (A),2011,198
New South Wales,Bega Valley (A),2012,448
New South Wales,Bega Valley (A),2013,252
New South Wales,Bega Valley (A),2014,233
New South Wales,Bega Valley (A),2015,81
New South Wales,Bega Valley (A),2016,179
New South Wales,Bega Valley (A),2017,110
New South Wales,Bega Valley (A),2018,232
New South Wales,Bega Valley (A),2019,689
New South Wales,Bega Valley (A),2020,1940
New South Wales,Bega Valley (A),2021,86
New South Wales,Bega Valley (A),2022,528
New South Wales,Bega Valley (A),2023,1226
New South Wales,Bega Valley (A),2024,871
New South Wales,Bega Valley (A),2025,355
New South Wales,Bega Valley (A),2026,88
New South Wales,Blue Mountains (C),1990,27
New South Wales,Blue Mountains (C),1991,26
New South Wales,Blue Mountains (C),1992,49
New South Wales,Blue Mountains (C),1993,32
New South Wales,Blue Mountains (C),1994,35
New South Wales,Blue Mountains (C),1995,41
New South Wales,Blue Mountains (C),1996,31
New South Wales,Blue Mountains (C),1997,88
New South Wales,Blue Mountains (C),1998,100
New South Wales,Blue Mountains (C),1999,171
New South Wales,Blue Mountains (C),2000,204
New South Wales,Blue Mountains (C),2001,122
New South Wales,Blue Mountains (C),2002,82
New South Wales,Blue Mountains (C),2003,78
New South Wales,Blue Mountains (C),2004,90
New South Wales,Blue Mountains (C),2005,99
New South Wales,Blue Mountains (C),2006,131
New South Wales,Blue Mountains (C),2007,94
New South Wales,Blue Mountains (C),2008,107
New South Wales,Blue Mountains (C),2009,93
New South Wales,Blue Mountains (C),2010,49
New South Wales,Blue Mountains (C),2011,59
New South Wales,Blue Mountains (C),2012,89
New South Wales,Blue Mountains (C),2013,122
New South Wales,Blue Mountains (C),2014,96
New South Wales,Blue Mountains (C),2015,107
New South Wales,Blue Mountains (C),2016,115
New South Wales,Blue Mountains (C),2017,122
New South Wales,Blue Mountains (C),2018,100
New South Wales,Blue Mountains (C),2019,67
New South Wales,Blue Mountains (C),2020,188
New South Wales,Blue Mountains (C),2021,178
New South Wales,Blue Mountains (C),2022,165
New South Wales,Blue Mountains (C),2023,593
New South Wales,Blue Mountains (C),2024,155
New South Wales,Blue Mountains (C),2025,81
New South Wales,Blue Mountains (C),2026,13
New South Wales,Bombala (A),1990,2
New South Wales,Bombala (A),1991,6
New South Wales,Bombala (A),1992,62
New South Wales,Bombala (A),1994,73
New South Wales,Bombala (A),1995,99
New South Wales,Bombala (A),1996,8
New South Wales,Bombala (A),1997,6
New South Wales,Bombala (A),1998,35
New South Wales,Bombala (A),1999,15
New South Wales,Bombala (A),2000,14
New South Wales,Bombala (A),2001,5
New South Wales,Bombala (A),2002,11
New South Wales,Bombala (A),2003,4
New South Wales,Bombala (A),2004,11
New South Wales,Bombala (A),2005,11
New South Wales,Bombala (A),2006,19
New South Wales,Bombala (A),2007,5
New South Wales,Bombala (A),2008,16
New South Wales,Bombala (A),2009,9
New South Wales,Bombala (A),2010,17
New South Wales,Bombala (A),2011,7
New South Wales,Bombala (A),2012,31
New South Wales,Bombala (A),2013,10
New South Wales,Bombala (A),2014,7
New South Wales,Bombala (A),2015,30
New South Wales,Bombala (A),2016,37
New South Wales,Bombala (A),2017,9
New South Wales,Bombala (A),2018,26
New South Wales,Bombala (A),2019,10
New South Wales,Bombala (A),2020,5
New South Wales,Bombala (A),2021,45
New South Wales,Bombala (A),2022,456
New South Wales,Bombala (A),2023,312
New South Wales,Bombala (A),2024,377
New South Wales,Bombala (A),2025,4
New South Wales,Bombala (A),2026,28
New South Wales,Cabonne (A),1990,5
New South Wales,Cabonne (A),1993,5
New South Wales,Cabonne (A),1994,6
New South Wales,Cabonne (A),1995,2
New South Wales,Cabonne (A),1996,3
New South Wales,Cabonne (A),1997,29
New South Wales,Cabonne (A),1998,4
New South Wales,Cabonne (A),1999,3
New South Wales,Cabonne (A),2000,4
New South Wales,Cabonne (A),2001,15
New South Wales,Cabonne (A),2002,13
New South Wales,Cabonne (A),2003,4
New South Wales,Cabonne (A),2004,8
New South Wales,Cabonne (A),2005,8
New South Wales,Cabonne (A),2006,9
New South Wales,Cabonne (A),2008,3
New South Wales,Cabonne (A),2009,9
New South Wales,Cabonne (A),2010,1
New South Wales,Cabonne (A),2011,8
New South Wales,Cabonne (A),2012,5
New South Wales,Cabonne (A),2013,4
New South Wales,Cabonne (A),2014,4
New South Wales,Cabonne (A),2015,4
New South Wales,Cabonne (A),2016,7
New South Wales,Cabonne (A),2017,3
New South Wales,Cabonne (A),2018,7
New South Wales,Cabonne (A),2019,25
New South Wales,Cabonne (A),2020,4
New South Wales,Cabonne (A),2021,2
New South Wales,Cabonne (A),2022,6
New South Wales,Cabonne (A),2023,11
New South Wales,Cabonne (A),2024,2
New South Wales,Cabonne (A),2025,11
New South Wales,Cabonne (A),2026,1
New South Wales,Cessnock (C),1990,12
New South Wales,Cessnock (C),1991,9
New South Wales,Cessnock (C),1992,10
New South Wales,Cessnock (C),1993,219
New South Wales,Cessnock (C),1994,14
New South Wales,Cessnock (C),1995,32
New South Wales,Cessnock (C),1996,12
New South Wales,Cessnock (C),1997,58
New South Wales,Cessnock (C),1998,108
New South Wales,Cessnock (C),1999,82
New South Wales,Cessnock (C),2000,110
New South Wales,Cessnock (C),2001,30
New South Wales,Cessnock (C),2002,87
New South Wales,Cessnock (C),2003,87
New South Wales,Cessnock (C),2004,39
New South Wales,Cessnock (C),2005,94
New South Wales,Cessnock (C),2006,56
New South Wales,Cessnock (C),2007,74
New South Wales,Cessnock (C),2008,70
New South Wales,Cessnock (C),2009,90
New South Wales,Cessnock (C),2010,36
New South Wales,Cessnock (C),2011,40
New South Wales,Cessnock (C),2012,116
New South Wales,Cessnock (C),2013,59
New South Wales,Cessnock (C),2014,35
New South Wales,Cessnock (C),2015,44
New South Wales,Cessnock (C),2016,61
New South Wales,Cessnock (C),2017,74
New South Wales,Cessnock (C),2018,142
New South Wales,Cessnock (C),2019,193
New South Wales,Cessnock (C),2020,164
New South Wales,Cessnock (C),2021,155
New South Wales,Cessnock (C),2022,175
New South Wales,Cessnock (C),2023,244
New South Wales,Cessnock (C),2024,1029
New South Wales,Cessnock (C),2025,1574
New South Wales,Cessnock (C),2026,12
New South Wales,Clarence Valley (A),1990,78
New South Wales,Clarence Valley (A),1991,835
New South Wales,Clarence Valley (A),1992,529
New South Wales,Clarence Valley (A),1993,1289
New South Wales,Clarence Valley (A),1994,476
New South Wales,Clarence Valley (A),1995,100
New South Wales,Clarence Valley (A),1996,242
New South Wales,Clarence Valley (A),1997,840
New South Wales,Clarence Valley (A),1998,1058
New South Wales,Clarence Valley (A),1999,572
New South Wales,Clarence Valley (A),2000,364
New South Wales,Clarence Valley (A),2001,215
New South Wales,Clarence Valley (A),2002,167
New South Wales,Clarence Valley (A),2003,269
New South Wales,Clarence Valley (A),2004,138
New South Wales,Clarence Valley (A),2005,102
New South Wales,Clarence Valley (A),2006,286
New South Wales,Clarence Valley (A),2007,298
New South Wales,Clarence Valley (A),2008,190
New South Wales,Clarence Valley (A),2009,255
New South Wales,Clarence Valley (A),2010,205
New South Wales,Clarence Valley (A),2011,434
New South Wales,Clarence Valley (A),2012,373
New South Wales,Clarence Valley (A),2013,362
New South Wales,Clarence Valley (A),2014,264
New South Wales,Clarence Valley (A),2015,104
New South Wales,Clarence Valley (A),2016,208
New South Wales,Clarence Valley (A),2017,205
New South Wales,Clarence Valley (A),2018,434
New South Wales,Clarence Valley (A),2019,1182
New South Wales,Clarence Valley (A),2020,1124
New South Wales,Clarence Valley (A),2021,1173
New South Wales,Clarence Valley (A),2022,1037
New South Wales,Clarence Valley (A),2023,2736
New South Wales,Clarence Valley (A),2024,1573
New South Wales,Clarence Valley (A),2025,567
New South Wales,Clarence Valley (A),2026,91
New South Wales,Cooma-Monaro (A),1990,3
New South Wales,Cooma-Monaro (A),1991,17
New South Wales,Cooma-Monaro (A),1992,4
New South Wales,Cooma-Monaro (A),1993,32
New South Wales,Cooma-Monaro (A),1994,11
New South Wales,Cooma-Monaro (A),1995,4
New South Wales,Cooma-Monaro (A),1996,1
New South Wales,Cooma-Monaro (A),1997,31
New South Wales,Cooma-Monaro (A),1998,18
New South Wales,Cooma-Monaro (A),1999,14
New South Wales,Cooma-Monaro (A),2000,7
New South Wales,Cooma-Monaro (A),2001,21
New South Wales,Cooma-Monaro (A),2002,20
New South Wales,Cooma-Monaro (A),2003,76
New South Wales,Cooma-Monaro (A),2004,10
New South Wales,Cooma-Monaro (A),2005,17
New South Wales,Cooma-Monaro (A),2006,21
New South Wales,Cooma-Monaro (A),2007,13
New South Wales,Cooma-Monaro (A),2008,12
New South Wales,Cooma-Monaro (A),2009,18
New South Wales,Cooma-Monaro (A),2010,49
New South Wales,Cooma-Monaro (A),2011,453
New South Wales,Cooma-Monaro (A),2012,67
New South Wales,Cooma-Monaro (A),2013,299
New South Wales,Cooma-Monaro (A),2014,117
New South Wales,Cooma-Monaro (A),2015,26
New South Wales,Cooma-Monaro (A),2016,131
New South Wales,Cooma-Monaro (A),2017,38
New South Wales,Cooma-Monaro (A),2018,96
New South Wales,Cooma-Monaro (A),2019,428
New South Wales,Cooma-Monaro (A),2020,109
New South Wales,Cooma-Monaro (A),2021,129
New South Wales,Cooma-Monaro (A),2022,4169
New South Wales,Cooma-Monaro (A),2023,1299
New South Wales,Cooma-Monaro (A),2024,1164
New South Wales,Cooma-Monaro (A),2025,59
New South Wales,Cooma-Monaro (A),2026,10
New South Wales,Eurobodalla (A),1990,2
New South Wales,Eurobodalla (A),1991,7
New South Wales,Eurobodalla (A),1992,17
New South Wales,Eurobodalla (A),1993,131
New South Wales,Eurobodalla (A),1994,46
New South Wales,Eurobodalla (A),1995,67
New South Wales,Eurobodalla (A),1996,133
New South Wales,Eurobodalla (A),1997,136
New South Wales,Eurobodalla (A),1998,195
New South Wales,Eurobodalla (A),1999,174
New South Wales,Eurobodalla (A),2000,152
New South Wales,Eurobodalla (A),2001,189
New South Wales,Eurobodalla (A),2002,81
New South Wales,Eurobodalla (A),2003,123
New South Wales,Eurobodalla (A),2004,136
New South Wales,Eurobodalla (A),2005,111
New South Wales,Eurobodalla (A),2006,66
New South Wales,Eurobodalla (A),2007,60
New South Wales,Eurobodalla (A),2008,73
New South Wales,Eurobodalla (A),2009,100
New South Wales,Eurobodalla (A),2010,84
New South Wales,Eurobodalla (A),2011,69
New South Wales,Eurobodalla (A),2012,76
New South Wales,Eurobodalla (A),2013,30
New South Wales,Eurobodalla (A),2014,52
New South Wales,Eurobodalla (A),2015,123
New South Wales,Eurobodalla (A),2016,157
New South Wales,Eurobodalla (A),2017,167
New South Wales,Eurobodalla (A),2018,65
New South Wales,Eurobodalla (A),2019,42
New South Wales,Eurobodalla (A),2020,139
New South Wales,Eurobodalla (A),2021,115
New South Wales,Eurobodalla (A),2022,93
New South Wales,Eurobodalla (A),2023,126
New South Wales,Eurobodalla (A),2024,333
New South Wales,Eurobodalla (A),2025,84
New South Wales,Eurobodalla (A),2026,8
New South Wales,Glen Innes Severn (A),1990,11
New South Wales,Glen Innes Severn (A),1991,659
New South Wales,Glen Innes Severn (A),1992,173
New South Wales,Glen Innes Severn (A),1993,11
New South Wales,Glen Innes Severn (A),1994,97
New South Wales,Glen Innes Severn (A),1995,26
New South Wales,Glen Innes Severn (A),1996,16
New South Wales,Glen Innes Severn (A),1997,83
New South Wales,Glen Innes Severn (A),1998,282
New South Wales,Glen Innes Severn (A),1999,112
New South Wales,Glen Innes Severn (A),2000,211
New South Wales,Glen Innes Severn (A),2001,31
New South Wales,Glen Innes Severn (A),2002,36
New South Wales,Glen Innes Severn (A),2003,72
New South Wales,Glen Innes Severn (A),2004,22
New South Wales,Glen Innes Severn (A),2005,3
New South Wales,Glen Innes Severn (A),2006,12
New South Wales,Glen Innes Severn (A),2007,27
New South Wales,Glen Innes Severn (A),2008,7
New South Wales,Glen Innes Severn (A),2009,11
New South Wales,Glen Innes Severn (A),2010,11
New South Wales,Glen Innes Severn (A),2011,17
New South Wales,Glen Innes Severn (A),2012,36
New South Wales,Glen Innes Severn (A),2013,29
New South Wales,Glen Innes Severn (A),2014,10
New South Wales,Glen Innes Severn (A),2015,14
New South Wales,Glen Innes Severn (A),2016,27
New South Wales,Glen Innes Severn (A),2017,6
New South Wales,Glen Innes Severn (A),2018,26
New South Wales,Glen Innes Severn (A),2019,20
New South Wales,Glen Innes Severn (A),2020,23
New South Wales,Glen Innes Severn (A),2021,39
New South Wales,Glen Innes Severn (A),2022,68
New South Wales,Glen Innes Severn (A),2023,109
New South Wales,Glen Innes Severn (A),2024,143
New South Wales,Glen Innes Severn (A),2025,568
New South Wales,Glen Innes Severn (A),2026,171
New South Wales,Gloucester (A),1990,7
New South Wales,Gloucester (A),1991,11
New South Wales,Gloucester (A),1992,510
New South Wales,Gloucester (A),1993,74
New South Wales,Gloucester (A),1994,15
New South Wales,Gloucester (A),1995,7
New South Wales,Gloucester (A),1996,6
New South Wales,Gloucester (A),1997,33
New South Wales,Gloucester (A),1998,38
New South Wales,Gloucester (A),1999,16
New South Wales,Gloucester (A),2000,36
New South Wales,Gloucester (A),2001,127
New South Wales,Gloucester (A),2002,126
New South Wales,Gloucester (A),2003,66
New South Wales,Gloucester (A),2004,48
New South Wales,Gloucester (A),2005,35
New South Wales,Gloucester (A),2006,89
New South Wales,Gloucester (A),2007,165
New South Wales,Gloucester (A),2008,21
New South Wales,Gloucester (A),2009,22
New South Wales,Gloucester (A),2010,34
New South Wales,Gloucester (A),2011,77
New South Wales,Gloucester (A),2012,69
New South Wales,Gloucester (A),2013,43
New South Wales,Gloucester (A),2014,48
New South Wales,Gloucester (A),2015,25
New South Wales,Gloucester (A),2016,50
New South Wales,Gloucester (A),2017,33
New South Wales,Gloucester (A),2018,55
New South Wales,Gloucester (A),2019,54
New South Wales,Gloucester (A),2020,82
New South Wales,Gloucester (A),2021,69
New South Wales,Gloucester (A),2022,108
New South Wales,Gloucester (A),2023,684
New South Wales,Gloucester (A),2024,455
New South Wales,Gloucester (A),2025,401
New South Wales,Gloucester (A),2026,59
New South Wales,Great Lakes (A),1990,4
New South Wales,Great Lakes (A),1991,11
New South Wales,Great Lakes (A),1992,131
New South Wales,Great Lakes (A),1993,52
New South Wales,Great Lakes (A),1994,109
New South Wales,Great Lakes (A),1995,51
New South Wales,Great Lakes (A),1996,33
New South Wales,Great Lakes (A),1997,87
New South Wales,Great Lakes (A),1998,79
New South Wales,Great Lakes (A),1999,110
New South Wales,Great Lakes (A),2000,124
New South Wales,Great Lakes (A),2001,231
New South Wales,Great Lakes (A),2002,152
New South Wales,Great Lakes (A),2003,58
New South Wales,Great Lakes (A),2004,260
New South Wales,Great Lakes (A),2005,312
New South Wales,Great Lakes (A),2006,480
New South Wales,Great Lakes (A),2007,552
New South Wales,Great Lakes (A),2008,761
New South Wales,Great Lakes (A),2009,403
New South Wales,Great Lakes (A),2010,222
New South Wales,Great Lakes (A),2011,294
New South Wales,Great Lakes (A),2012,206
New South Wales,Great Lakes (A),2013,306
New South Wales,Great Lakes (A),2014,276
New South Wales,Great Lakes (A),2015,191
New South Wales,Great Lakes (A),2016,270
New South Wales,Great Lakes (A),2017,255
New South Wales,Great Lakes (A),2018,239
New South Wales,Great Lakes (A),2019,231
New South Wales,Great Lakes (A),2020,237
New South Wales,Great Lakes (A),2021,139
New South Wales,Great Lakes (A),2022,269
New South Wales,Great Lakes (A),2023,12708
New South Wales,Great Lakes (A),2024,818
New South Wales,Great Lakes (A),2025,930
New South Wales,Great Lakes (A),2026,43
New South Wales,Greater Taree (C),1990,8
New South Wales,Greater Taree (C),1991,177
New South Wales,Greater Taree (C),1992,47
New South Wales,Greater Taree (C),1993,108
New South Wales,Greater Taree (C),1994,34
New South Wales,Greater Taree (C),1995,54
New South Wales,Greater Taree (C),1996,90
New South Wales,Greater Taree (C),1997,89
New South Wales,Greater Taree (C),1998,72
New South Wales,Greater Taree (C),1999,73
New South Wales,Greater Taree (C),2000,63
New South Wales,Greater Taree (C),2001,32
New South Wales,Greater Taree (C),2002,46
New South Wales,Greater Taree (C),2003,77
New South Wales,Greater Taree (C),2004,38
New South Wales,Greater Taree (C),2005,67
New South Wales,Greater Taree (C),2006,51
New South Wales,Greater Taree (C),2007,90
New South Wales,Greater Taree (C),2008,22
New South Wales,Greater Taree (C),2009,40
New South Wales,Greater Taree (C),2010,70
New South Wales,Greater Taree (C),2011,102
New South Wales,Greater Taree (C),2012,133
New South Wales,Greater Taree (C),2013,173
New South Wales,Greater Taree (C),2014,128
New South Wales,Greater Taree (C),2015,99
New South Wales,Greater Taree (C),2016,167
New South Wales,Greater Taree (C),2017,326
New South Wales,Greater Taree (C),2018,155
New South Wales,Greater Taree (C),2019,364
New South Wales,Greater Taree (C),2020,349
New South Wales,Greater Taree (C),2021,383
New South Wales,Greater Taree (C),2022,753
New South Wales,Greater Taree (C),2023,1612
New South Wales,Greater Taree (C),2024,1627
New South Wales,Greater Taree (C),2025,649
New South Wales,Greater Taree (C),2026,74
New South Wales,Guyra (A),1990,1
New South Wales,Guyra (A),1991,2
New South Wales,Guyra (A),1992,34
New South Wales,Guyra (A),1993,3
New South Wales,Guyra (A),1994,3
New South Wales,Guyra (A),1995,7
New South Wales,Guyra (A),1996,6
New South Wales,Guyra (A),1997,28
New South Wales,Guyra (A),1998,6
New South Wales,Guyra (A),1999,17
New South Wales,Guyra (A),2000,10
New South Wales,Guyra (A),2001,7
New South Wales,Guyra (A),2002,23
New South Wales,Guyra (A),2003,12
New South Wales,Guyra (A),2004,4
New South Wales,Guyra (A),2005,13
New South Wales,Guyra (A),2006,6
New South Wales,Guyra (A),2007,13
New South Wales,Guyra (A),2008,11
New South Wales,Guyra (A),2009,40
New South Wales,Guyra (A),2010,6
New South Wales,Guyra (A),2011,16
New South Wales,Guyra (A),2012,4
New South Wales,Guyra (A),2013,9
New South Wales,Guyra (A),2014,6
New South Wales,Guyra (A),2015,2
New South Wales,Guyra (A),2016,3
New South Wales,Guyra (A),2017,3
New South Wales,Guyra (A),2018,3
New South Wales,Guyra (A),2019,14
New South Wales,Guyra (A),2020,50
New South Wales,Guyra (A),2021,55
New South Wales,Guyra (A),2022,49
New South Wales,Guyra (A),2023,256
New South Wales,Guyra (A),2024,37
New South Wales,Guyra (A),2025,18
New South Wales,Hawkesbury (C),1990,10
New South Wales,Hawkesbury (C),1991,16
New South Wales,Hawkesbury (C),1992,19
New South Wales,Hawkesbury (C),1993,23
New South Wales,Hawkesbury (C),1994,16
New South Wales,Hawkesbury (C),1995,21
New South Wales,Hawkesbury (C),1996,24
New South Wales,Hawkesbury (C),1997,63
New South Wales,Hawkesbury (C),1998,31
New South Wales,Hawkesbury (C),1999,39
New South Wales,Hawkesbury (C),2000,44
New South Wales,Hawkesbury (C),2001,33
New South Wales,Hawkesbury (C),2002,21
New South Wales,Hawkesbury (C),2003,27
New South Wales,Hawkesbury (C),2004,21
New South Wales,Hawkesbury (C),2005,37
New South Wales,Hawkesbury (C),2006,124
New South Wales,Hawkesbury (C),2007,86
New South Wales,Hawkesbury (C),2008,63
New South Wales,Hawkesbury (C),2009,49
New South Wales,Hawkesbury (C),2010,41
New South Wales,Hawkesbury (C),2011,50
New South Wales,Hawkesbury (C),2012,39
New South Wales,Hawkesbury (C),2013,95
New South Wales,Hawkesbury (C),2014,94
New South Wales,Hawkesbury (C),2015,65
New South Wales,Hawkesbury (C),2016,90
New South Wales,Hawkesbury (C),2017,78
New South Wales,Hawkesbury (C),2018,78
New South Wales,Hawkesbury (C),2019,74
New South Wales,Hawkesbury (C),2020,165
New South Wales,Hawkesbury (C),2021,98
New South Wales,Hawkesbury (C),2022,443
New South Wales,Hawkesbury (C),2023,4886
New South Wales,Hawkesbury (C),2024,734
New South Wales,Hawkesbury (C),2025,133
New South Wales,Hawkesbury (C),2026,14
New South Wales,Inverell (A),1990,6
New South Wales,Inverell (A),1991,9
New South Wales,Inverell (A),1992,17
New South Wales,Inverell (A),1993,11
New South Wales,Inverell (A),1994,28
New South Wales,Inverell (A),1995,19
New South Wales,Inverell (A),1996,16
New South Wales,Inverell (A),1997,59
New South Wales,Inverell (A),1998,25
New South Wales,Inverell (A),1999,90
New South Wales,Inverell (A),2000,55
New South Wales,Inverell (A),2001,39
New South Wales,Inverell (A),2002,57
New South Wales,Inverell (A),2003,56
New South Wales,Inverell (A),2004,21
New South Wales,Inverell (A),2005,13
New South Wales,Inverell (A),2006,35
New South Wales,Inverell (A),2007,14
New South Wales,Inverell (A),2008,23
New South Wales,Inverell (A),2009,31
New South Wales,Inverell (A),2010,7
New South Wales,Inverell (A),2011,16
New South Wales,Inverell (A),2012,28
New South Wales,Inverell (A),2013,40
New South Wales,Inverell (A),2014,31
New South Wales,Inverell (A),2015,19
New South Wales,Inverell (A),2016,104
New South Wales,Inverell (A),2017,26
New South Wales,Inverell (A),2018,17
New South Wales,Inverell (A),2019,103
New South Wales,Inverell (A),2020,68
New South Wales,Inverell (A),2021,38
New South Wales,Inverell (A),2022,73
New South Wales,Inverell (A),2023,308
New South Wales,Inverell (A),2024,332
New South Wales,Inverell (A),2025,251
New South Wales,Inverell (A),2026,96
New South Wales,Kempsey (A),1990,15
New South Wales,Kempsey (A),1991,30
New South Wales,Kempsey (A),1992,234
New South Wales,Kempsey (A),1993,73
New South Wales,Kempsey (A),1994,91
New South Wales,Kempsey (A),1995,55
New South Wales,Kempsey (A),1996,81
New South Wales,Kempsey (A),1997,70
New South Wales,Kempsey (A),1998,140
New South Wales,Kempsey (A),1999,165
New South Wales,Kempsey (A),2000,177
New South Wales,Kempsey (A),2001,162
New South Wales,Kempsey (A),2002,154
New South Wales,Kempsey (A),2003,106
New South Wales,Kempsey (A),2004,107
New South Wales,Kempsey (A),2005,103
New South Wales,Kempsey (A),2006,65
New South Wales,Kempsey (A),2007,81
New South Wales,Kempsey (A),2008,67
New South Wales,Kempsey (A),2009,64
New South Wales,Kempsey (A),2010,89
New South Wales,Kempsey (A),2011,36
New South Wales,Kempsey (A),2012,21
New South Wales,Kempsey (A),2013,34
New South Wales,Kempsey (A),2014,87
New South Wales,Kempsey (A),2015,54
New South Wales,Kempsey (A),2016,66
New South Wales,Kempsey (A),2017,82
New South Wales,Kempsey (A),2018,199
New South Wales,Kempsey (A),2019,158
New South Wales,Kempsey (A),2020,264
New South Wales,Kempsey (A),2021,123
New South Wales,Kempsey (A),2022,315
New South Wales,Kempsey (A),2023,509
New South Wales,Kempsey (A),2024,527
New South Wales,Kempsey (A),2025,295
New South Wales,Kempsey (A),2026,19
New South Wales,Lithgow (C),1990,4
New South Wales,Lithgow (C),1991,11
New South Wales,Lithgow (C),1992,5
New South Wales,Lithgow (C),1993,16
New South Wales,Lithgow (C),1994,26
New South Wales,Lithgow (C),1995,15
New South Wales,Lithgow (C),1996,11
New South Wales,Lithgow (C),1997,75
New South Wales,Lithgow (C),1998,79
New South Wales,Lithgow (C),1999,126
New South Wales,Lithgow (C),2000,188
New South Wales,Lithgow (C),2001,69
New South Wales,Lithgow (C),2002,36
New South Wales,Lithgow (C),2003,28
New South Wales,Lithgow (C),2004,98
New South Wales,Lithgow (C),2005,143
New South Wales,Lithgow (C),2006,80
New South Wales,Lithgow (C),2007,95
New South Wales,Lithgow (C),2008,130
New South Wales,Lithgow (C),2009,119
New South Wales,Lithgow (C),2010,243
New South Wales,Lithgow (C),2011,105
New South Wales,Lithgow (C),2012,155
New South Wales,Lithgow (C),2013,189
New South Wales,Lithgow (C),2014,42
New South Wales,Lithgow (C),2015,52
New South Wales,Lithgow (C),2016,137
New South Wales,Lithgow (C),2017,189
New South Wales,Lithgow (C),2018,174
New South Wales,Lithgow (C),2019,96
New South Wales,Lithgow (C),2020,97
New South Wales,Lithgow (C),2021,142
New South Wales,Lithgow (C),2022,93
New South Wales,Lithgow (C),2023,154
New South Wales,Lithgow (C),2024,137
New South Wales,Lithgow (C),2025,121
New South Wales,Lithgow (C),2026,2
New South Wales,Mid-Western Regional (A),1990,17
New South Wales,Mid-Western Regional (A),1991,18
New South Wales,Mid-Western Regional (A),1992,15
New South Wales,Mid-Western Regional (A),1993,38
New South Wales,Mid-Western Regional (A),1994,12
New South Wales,Mid-Western Regional (A),1995,8
New South Wales,Mid-Western Regional (A),1996,22
New South Wales,Mid-Western Regional (A),1997,93
New South Wales,Mid-Western Regional (A),1998,1
New South Wales,Mid-Western Regional (A),1999,22
New South Wales,Mid-Western Regional (A),2000,41
New South Wales,Mid-Western Regional (A),2001,43
New South Wales,Mid-Western Regional (A),2002,122
New South Wales,Mid-Western Regional (A),2003,29
New South Wales,Mid-Western Regional (A),2004,60
New South Wales,Mid-Western Regional (A),2005,113
New South Wales,Mid-Western Regional (A),2006,77
New South Wales,Mid-Western Regional (A),2007,14
New South Wales,Mid-Western Regional (A),2008,22
New South Wales,Mid-Western Regional (A),2009,18
New South Wales,Mid-Western Regional (A),2010,39
New South Wales,Mid-Western Regional (A),2011,16
New South Wales,Mid-Western Regional (A),2012,60
New South Wales,Mid-Western Regional (A),2013,48
New South Wales,Mid-Western Regional (A),2014,21
New South Wales,Mid-Western Regional (A),2015,33
New South Wales,Mid-Western Regional (A),2016,9
New South Wales,Mid-Western Regional (A),2017,45
New South Wales,Mid-Western Regional (A),2018,24
New South Wales,Mid-Western Regional (A),2019,50
New South Wales,Mid-Western Regional (A),2020,18
New South Wales,Mid-Western Regional (A),2021,158
New South Wales,Mid-Western Regional (A),2022,146
New South Wales,Mid-Western Regional (A),2023,1108
New South Wales,Mid-Western Regional (A),2024,183
New South Wales,Mid-Western Regional (A),2025,113
New South Wales,Mid-Western Regional (A),2026,14
New South Wales,Muswellbrook (A),1990,1
New South Wales,Muswellbrook (A),1991,2
New South Wales,Muswellbrook (A),1993,2
New South Wales,Muswellbrook (A),1994,3
New South Wales,Muswellbrook (A),1995,4
New South Wales,Muswellbrook (A),1997,29
New South Wales,Muswellbrook (A),1998,3
New South Wales,Muswellbrook (A),1999,14
New South Wales,Muswellbrook (A),2000,8
New South Wales,Muswellbrook (A),2001,21
New South Wales,Muswellbrook (A),2002,9
New South Wales,Muswellbrook (A),2003,3
New South Wales,Muswellbrook (A),2004,74
New South Wales,Muswellbrook (A),2005,103
New South Wales,Muswellbrook (A),2006,10
New South Wales,Muswellbrook (A),2007,6
New South Wales,Muswellbrook (A),2008,1
New South Wales,Muswellbrook (A),2009,7
New South Wales,Muswellbrook (A),2010,5
New South Wales,Muswellbrook (A),2011,4
New South Wales,Muswellbrook (A),2012,13
New South Wales,Muswellbrook (A),2013,6
New South Wales,Muswellbrook (A),2014,20
New South Wales,Muswellbrook (A),2015,9
New South Wales,Muswellbrook (A),2016,4
New South Wales,Muswellbrook (A),2017,8
New South Wales,Muswellbrook (A),2018,19
New South Wales,Muswellbrook (A),2019,24
New South Wales,Muswellbrook (A),2020,18
New South Wales,Muswellbrook (A),2021,16
New South Wales,Muswellbrook (A),2022,20
New South Wales,Muswellbrook (A),2023,26
New South Wales,Muswellbrook (A),2024,22
New South Wales,Muswellbrook (A),2025,17
New South Wales,Nambucca (A),1990,16
New South Wales,Nambucca (A),1991,21
New South Wales,Nambucca (A),1992,26
New South Wales,Nambucca (A),1993,98
New South Wales,Nambucca (A),1994,36
New South Wales,Nambucca (A),1995,34
New South Wales,Nambucca (A),1996,111
New South Wales,Nambucca (A),1997,232
New South Wales,Nambucca (A),1998,487
New South Wales,Nambucca (A),1999,280
New South Wales,Nambucca (A),2000,205
New South Wales,Nambucca (A),2001,99
New South Wales,Nambucca (A),2002,113
New South Wales,Nambucca (A),2003,73
New South Wales,Nambucca (A),2004,79
New South Wales,Nambucca (A),2005,25
New South Wales,Nambucca (A),2006,35
New South Wales,Nambucca (A),2007,32
New South Wales,Nambucca (A),2008,24
New South Wales,Nambucca (A),2009,41
New South Wales,Nambucca (A),2010,53
New South Wales,Nambucca (A),2011,48
New South Wales,Nambucca (A),2012,63
New South Wales,Nambucca (A),2013,54
New South Wales,Nambucca (A),2014,112
New South Wales,Nambucca (A),2015,78
New South Wales,Nambucca (A),2016,61
New South Wales,Nambucca (A),2017,26
New South Wales,Nambucca (A),2018,51
New South Wales,Nambucca (A),2019,81
New South Wales,Nambucca (A),2020,108
New South Wales,Nambucca (A),2021,69
New South Wales,Nambucca (A),2022,594
New South Wales,Nambucca (A),2023,111
New South Wales,Nambucca (A),2024,352
New South Wales,Nambucca (A),2025,60
New South Wales,Nambucca (A),2026,4
New South Wales,Narrabri (A),1991,6
New South Wales,Narrabri (A),1992,3
New South Wales,Narrabri (A),1993,35
New South Wales,Narrabri (A),1994,31
New South Wales,Narrabri (A),1995,3
New South Wales,Narrabri (A),1996,25
New South Wales,Narrabri (A),1997,10
New South Wales,Narrabri (A),1998,2
New South Wales,Narrabri (A),1999,23
New South Wales,Narrabri (A),2000,30
New South Wales,Narrabri (A),2001,22
New South Wales,Narrabri (A),2002,138
New South Wales,Narrabri (A),2003,34
New South Wales,Narrabri (A),2004,16
New South Wales,Narrabri (A),2005,24
New South Wales,Narrabri (A),2006,4
New South Wales,Narrabri (A),2007,8
New South Wales,Narrabri (A),2008,2
New South Wales,Narrabri (A),2009,29
New South Wales,Narrabri (A),2010,5
New South Wales,Narrabri (A),2011,8
New South Wales,Narrabri (A),2012,57
New South Wales,Narrabri (A),2013,29
New South Wales,Narrabri (A),2014,44
New South Wales,Narrabri (A),2015,43
New South Wales,Narrabri (A),2016,116
New South Wales,Narrabri (A),2017,121
New South Wales,Narrabri (A),2018,18
New South Wales,Narrabri (A),2019,22
New South Wales,Narrabri (A),2020,88
New South Wales,Narrabri (A),2021,28
New South Wales,Narrabri (A),2022,270
New South Wales,Narrabri (A),2023,95
New South Wales,Narrabri (A),2024,46
New South Wales,Narrabri (A),2025,14
New South Wales,Narrabri (A),2026,2
New South Wales,Oberon (A),1991,7
New South Wales,Oberon (A),1992,3
New South Wales,Oberon (A),1993,2
New South Wales,Oberon (A),1994,3
New South Wales,Oberon (A),1995,3
New South Wales,Oberon (A),1997,40
New South Wales,Oberon (A),1998,104
New South Wales,Oberon (A),1999,4
New South Wales,Oberon (A),2000,1
New South Wales,Oberon (A),2001,9
New South Wales,Oberon (A),2002,30
New South Wales,Oberon (A),2003,42
New South Wales,Oberon (A),2004,92
New South Wales,Oberon (A),2005,13
New South Wales,Oberon (A),2006,4
New South Wales,Oberon (A),2007,7
New South Wales,Oberon (A),2008,13
New South Wales,Oberon (A),2009,3
New South Wales,Oberon (A),2010,5
New South Wales,Oberon (A),2011,49
New South Wales,Oberon (A),2012,11
New South Wales,Oberon (A),2013,5
New South Wales,Oberon (A),2014,3
New South Wales,Oberon (A),2015,5
New South Wales,Oberon (A),2016,7
New South Wales,Oberon (A),2017,20
New South Wales,Oberon (A),2018,63
New South Wales,Oberon (A),2019,81
New South Wales,Oberon (A),2020,172
New South Wales,Oberon (A),2021,72
New South Wales,Oberon (A),2022,199
New South Wales,Oberon (A),2023,150
New South Wales,Oberon (A),2024,48
New South Wales,Oberon (A),2025,30
New South Wales,Oberon (A),2026,18
New South Wales,Palerang (A),1990,8
New South Wales,Palerang (A),1991,4
New South Wales,Palerang (A),1992,11
New South Wales,Palerang (A),1993,99
New South Wales,Palerang (A),1994,6
New South Wales,Palerang (A),1995,7
New South Wales,Palerang (A),1996,5
New South Wales,Palerang (A),1997,8
New South Wales,Palerang (A),1998,25
New South Wales,Palerang (A),1999,156
New South Wales,Palerang (A),2000,127
New South Wales,Palerang (A),2001,134
New South Wales,Palerang (A),2002,81
New South Wales,Palerang (A),2003,141
New South Wales,Palerang (A),2004,82
New South Wales,Palerang (A),2005,59
New South Wales,Palerang (A),2006,48
New South Wales,Palerang (A),2007,43
New South Wales,Palerang (A),2008,60
New South Wales,Palerang (A),2009,55
New South Wales,Palerang (A),2010,18
New South Wales,Palerang (A),2011,23
New South Wales,Palerang (A),2012,14
New South Wales,Palerang (A),2013,10
New South Wales,Palerang (A),2014,10
New South Wales,Palerang (A),2015,13
New South Wales,Palerang (A),2016,4
New South Wales,Palerang (A),2017,4
New South Wales,Palerang (A),2018,146
New South Wales,Palerang (A),2019,41
New South Wales,Palerang (A),2020,412
New South Wales,Palerang (A),2021,76
New South Wales,Palerang (A),2022,53
New South Wales,Palerang (A),2023,179
New South Wales,Palerang (A),2024,384
New South Wales,Palerang (A),2025,246
New South Wales,Palerang (A),2026,101
New South Wales,Port Macquarie-Hastings (A),1990,162
New South Wales,Port Macquarie-Hastings (A),1991,374
New South Wales,Port Macquarie-Hastings (A),1992,370
New South Wales,Port Macquarie-Hastings (A),1993,213
New South Wales,Port Macquarie-Hastings (A),1994,369
New South Wales,Port Macquarie-Hastings (A),1995,317
New South Wales,Port Macquarie-Hastings (A),1996,233
New South Wales,Port Macquarie-Hastings (A),1997,258
New South Wales,Port Macquarie-Hastings (A),1998,343
New South Wales,Port Macquarie-Hastings (A),1999,583
New South Wales,Port Macquarie-Hastings (A),2000,590
New South Wales,Port Macquarie-Hastings (A),2001,428
New South Wales,Port Macquarie-Hastings (A),2002,406
New South Wales,Port Macquarie-Hastings (A),2003,408
New South Wales,Port Macquarie-Hastings (A),2004,421
New South Wales,Port Macquarie-Hastings (A),2005,468
New South Wales,Port Macquarie-Hastings (A),2006,620
New South Wales,Port Macquarie-Hastings (A),2007,365
New South Wales,Port Macquarie-Hastings (A),2008,558
New South Wales,Port Macquarie-Hastings (A),2009,690
New South Wales,Port Macquarie-Hastings (A),2010,709
New South Wales,Port Macquarie-Hastings (A),2011,655
New South Wales,Port Macquarie-Hastings (A),2012,500
New South Wales,Port Macquarie-Hastings (A),2013,558
New South Wales,Port Macquarie-Hastings (A),2014,711
New South Wales,Port Macquarie-Hastings (A),2015,399
New South Wales,Port Macquarie-Hastings (A),2016,619
New South Wales,Port Macquarie-Hastings (A),2017,992
New South Wales,Port Macquarie-Hastings (A),2018,955
New South Wales,Port Macquarie-Hastings (A),2019,1543
New South Wales,Port Macquarie-Hastings (A),2020,1408
New South Wales,Port Macquarie-Hastings (A),2021,935
New South Wales,Port Macquarie-Hastings (A),2022,1302
New South Wales,Port Macquarie-Hastings (A),2023,1583
New South Wales,Port Macquarie-Hastings (A),2024,1447
New South Wales,Port Macquarie-Hastings (A),2025,965
New South Wales,Port Macquarie-Hastings (A),2026,257
New South Wales,Richmond Valley (A),1990,15
New South Wales,Richmond Valley (A),1991,64
New South Wales,Richmond Valley (A),1992,41
New South Wales,Richmond Valley (A),1993,9
New South Wales,Richmond Valley (A),1994,97
New South Wales,Richmond Valley (A),1995,44
New South Wales,Richmond Valley (A),1996,82
New South Wales,Richmond Valley (A),1997,123
New South Wales,Richmond Valley (A),1998,838
New South Wales,Richmond Valley (A),1999,110
New South Wales,Richmond Valley (A),2000,115
New South Wales,Richmond Valley (A),2001,65
New South Wales,Richmond Valley (A),2002,12
New South Wales,Richmond Valley (A),2003,58
New South Wales,Richmond Valley (A),2004,84
New South Wales,Richmond Valley (A),2005,61
New South Wales,Richmond Valley (A),2006,54
New South Wales,Richmond Valley (A),2007,40
New South Wales,Richmond Valley (A),2008,27
New South Wales,Richmond Valley (A),2009,42
New South Wales,Richmond Valley (A),2010,75
New South Wales,Richmond Valley (A),2011,64
New South Wales,Richmond Valley (A),2012,107
New South Wales,Richmond Valley (A),2013,180
New South Wales,Richmond Valley (A),2014,321
New South Wales,Richmond Valley (A),2015,125
New South Wales,Richmond Valley (A),2016,121
New South Wales,Richmond Valley (A),2017,129
New South Wales,Richmond Valley (A),2018,190
New South Wales,Richmond Valley (A),2019,576
New South Wales,Richmond Valley (A),2020,254
New South Wales,Richmond Valley (A),2021,118
New South Wales,Richmond Valley (A),2022,146
New South Wales,Richmond Valley (A),2023,501
New South Wales,Richmond Valley (A),2024,622
New South Wales,Richmond Valley (A),2025,97
New South Wales,Richmond Valley (A),2026,17
New South Wales,Shoalhaven (C),1990,12
New South Wales,Shoalhaven (C),1991,20
New South Wales,Shoalhaven (C),1992,23
New South Wales,Shoalhaven (C),1993,38
New South Wales,Shoalhaven (C),1994,64
New South Wales,Shoalhaven (C),1995,116
New South Wales,Shoalhaven (C),1996,67
New South Wales,Shoalhaven (C),1997,111
New South Wales,Shoalhaven (C),1998,167
New South Wales,Shoalhaven (C),1999,226
New South Wales,Shoalhaven (C),2000,260
New South Wales,Shoalhaven (C),2001,342
New South Wales,Shoalhaven (C),2002,260
New South Wales,Shoalhaven (C),2003,393
New South Wales,Shoalhaven (C),2004,231
New South Wales,Shoalhaven (C),2005,158
New South Wales,Shoalhaven (C),2006,172
New South Wales,Shoalhaven (C),2007,36
New South Wales,Shoalhaven (C),2008,84
New South Wales,Shoalhaven (C),2009,176
New South Wales,Shoalhaven (C),2010,91
New South Wales,Shoalhaven (C),2011,120
New South Wales,Shoalhaven (C),2012,91
New South Wales,Shoalhaven (C),2013,100
New South Wales,Shoalhaven (C),2014,81
New South Wales,Shoalhaven (C),2015,124
New South Wales,Shoalhaven (C),2016,110
New South Wales,Shoalhaven (C),2017,87
New South Wales,Shoalhaven (C),2018,193
New South Wales,Shoalhaven (C),2019,106
New South Wales,Shoalhaven (C),2020,286
New South Wales,Shoalhaven (C),2021,233
New South Wales,Shoalhaven (C),2022,284
New South Wales,Shoalhaven (C),2023,753
New South Wales,Shoalhaven (C),2024,4006
New South Wales,Shoalhaven (C),2025,72
New South Wales,Shoalhaven (C),2026,17
New South Wales,Singleton (A),1990,2
New South Wales,Singleton (A),1991,6
New South Wales,Singleton (A),1992,46
New South Wales,Singleton (A),1993,65
New South Wales,Singleton (A),1994,13
New South Wales,Singleton (A),1995,13
New South Wales,Singleton (A),1996,25
New South Wales,Singleton (A),1997,76
New South Wales,Singleton (A),1998,131
New South Wales,Singleton (A),1999,59
New South Wales,Singleton (A),2000,57
New South Wales,Singleton (A),2001,111
New South Wales,Singleton (A),2002,45
New South Wales,Singleton (A),2003,17
New South Wales,Singleton (A),2004,125
New South Wales,Singleton (A),2005,216
New South Wales,Singleton (A),2006,136
New South Wales,Singleton (A),2007,11
New South Wales,Singleton (A),2008,61
New South Wales,Singleton (A),2009,13
New South Wales,Singleton (A),2010,18
New South Wales,Singleton (A),2011,153
New South Wales,Singleton (A),2012,19
New South Wales,Singleton (A),2013,17
New South Wales,Singleton (A),2014,19
New South Wales,Singleton (A),2015,19
New South Wales,Singleton (A),2016,25
New South Wales,Singleton (A),2017,8
New South Wales,Singleton (A),2018,18
New South Wales,Singleton (A),2019,13
New South Wales,Singleton (A),2020,45
New South Wales,Singleton (A),2021,19
New South Wales,Singleton (A),2022,768
New South Wales,Singleton (A),2023,8
New South Wales,Singleton (A),2024,244
New South Wales,Singleton (A),2025,8
New South Wales,Snowy River (A),1991,5
New South Wales,Snowy River (A),1992,1
New South Wales,Snowy River (A),1994,1
New South Wales,Snowy River (A),1996,1
New South Wales,Snowy River (A),1998,10
New South Wales,Snowy River (A),1999,4
New South Wales,Snowy River (A),2000,7
New South Wales,Snowy River (A),2001,10
New South Wales,Snowy River (A),2002,2
New South Wales,Snowy River (A),2003,15
New South Wales,Snowy River (A),2004,6
New South Wales,Snowy River (A),2005,12
New South Wales,Snowy River (A),2006,12
New South Wales,Snowy River (A),2008,14
New South Wales,Snowy River (A),2009,7
New South Wales,Snowy River (A),2010,7
New South Wales,Snowy River (A),2011,9
New South Wales,Snowy River (A),2012,5
New South Wales,Snowy River (A),2014,2
New South Wales,Snowy River (A),2016,1
New South Wales,Snowy River (A),2017,1
New South Wales,Snowy River (A),2019,13
New South Wales,Snowy River (A),2020,15
New South Wales,Snowy River (A),2021,2
New South Wales,Snowy River (A),2022,7
New South Wales,Snowy River (A),2023,10
New South Wales,Snowy River (A),2024,9
New South Wales,Snowy River (A),2025,5
New South Wales,Snowy River (A),2026,4
New South Wales,Tenterfield (A),1990,4
New South Wales,Tenterfield (A),1991,53
New South Wales,Tenterfield (A),1992,771
New South Wales,Tenterfield (A),1993,17
New South Wales,Tenterfield (A),1994,21
New South Wales,Tenterfield (A),1995,18
New South Wales,Tenterfield (A),1996,14
New South Wales,Tenterfield (A),1997,77
New South Wales,Tenterfield (A),1998,267
New South Wales,Tenterfield (A),1999,120
New South Wales,Tenterfield (A),2000,82
New South Wales,Tenterfield (A),2001,180
New South Wales,Tenterfield (A),2002,74
New South Wales,Tenterfield (A),2003,33
New South Wales,Tenterfield (A),2004,103
New South Wales,Tenterfield (A),2005,37
New South Wales,Tenterfield (A),2006,38
New South Wales,Tenterfield (A),2007,82
New South Wales,Tenterfield (A),2008,107
New South Wales,Tenterfield (A),2009,52
New South Wales,Tenterfield (A),2010,64
New South Wales,Tenterfield (A),2011,62
New South Wales,Tenterfield (A),2012,36
New South Wales,Tenterfield (A),2013,64
New South Wales,Tenterfield (A),2014,26
New South Wales,Tenterfield (A),2015,32
New South Wales,Tenterfield (A),2016,59
New South Wales,Tenterfield (A),2017,32
New South Wales,Tenterfield (A),2018,65
New South Wales,Tenterfield (A),2019,35
New South Wales,Tenterfield (A),2020,74
New South Wales,Tenterfield (A),2021,54
New South Wales,Tenterfield (A),2022,137
New South Wales,Tenterfield (A),2023,840
New South Wales,Tenterfield (A),2024,188
New South Wales,Tenterfield (A),2025,137
New South Wales,Tenterfield (A),2026,31
New South Wales,Tumbarumba (A),1990,4
New South Wales,Tumbarumba (A),1991,1
New South Wales,Tumbarumba (A),1992,1
New South Wales,Tumbarumba (A),1993,1
New South Wales,Tumbarumba (A),1994,2
New South Wales,Tumbarumba (A),1995,111
New South Wales,Tumbarumba (A),1996,32
New South Wales,Tumbarumba (A),1997,25
New South Wales,Tumbarumba (A),1998,14
New South Wales,Tumbarumba (A),1999,14
New South Wales,Tumbarumba (A),2000,17
New South Wales,Tumbarumba (A),2001,13
New South Wales,Tumbarumba (A),2002,14
New South Wales,Tumbarumba (A),2003,41
New South Wales,Tumbarumba (A),2004,25
New South Wales,Tumbarumba (A),2005,5
New South Wales,Tumbarumba (A),2006,6
New South Wales,Tumbarumba (A),2007,29
New South Wales,Tumbarumba (A),2008,6
New South Wales,Tumbarumba (A),2009,4
New South Wales,Tumbarumba (A),2010,5
New South Wales,Tumbarumba (A),2011,18
New South Wales,Tumbarumba (A),2012,19
New South Wales,Tumbarumba (A),2013,7
New South Wales,Tumbarumba (A),2014,5
New South Wales,Tumbarumba (A),2015,2
New South Wales,Tumbarumba (A),2016,22
New South Wales,Tumbarumba (A),2017,9
New South Wales,Tumbarumba (A),2018,32
New South Wales,Tumbarumba (A),2019,50
New South Wales,Tumbarumba (A),2020,28
New South Wales,Tumbarumba (A),2021,29
New South Wales,Tumbarumba (A),2022,18
New South Wales,Tumbarumba (A),2023,19
New South Wales,Tumbarumba (A),2024,51
New South Wales,Tumbarumba (A),2025,8
New South Wales,Tumut Shire (A),1990,2
New South Wales,Tumut Shire (A),1991,5
New South Wales,Tumut Shire (A),1993,3
New South Wales,Tumut Shire (A),1994,7
New South Wales,Tumut Shire (A),1995,65
New South Wales,Tumut Shire (A),1996,22
New South Wales,Tumut Shire (A),1997,12
New South Wales,Tumut Shire (A),1998,76
New South Wales,Tumut Shire (A),1999,14
New South Wales,Tumut Shire (A),2000,12
New South Wales,Tumut Shire (A),2001,17
New South Wales,Tumut Shire (A),2002,4
New South Wales,Tumut Shire (A),2003,18
New South Wales,Tumut Shire (A),2004,22
New South Wales,Tumut Shire (A),2005,11
New South Wales,Tumut Shire (A),2006,11
New South Wales,Tumut Shire (A),2007,10
New South Wales,Tumut Shire (A),2008,2
New South Wales,Tumut Shire (A),2009,4
New South Wales,Tumut Shire (A),2010,12
New South Wales,Tumut Shire (A),2011,5
New South Wales,Tumut Shire (A),2012,5
New South Wales,Tumut Shire (A),2013,7
New South Wales,Tumut Shire (A),2014,3
New South Wales,Tumut Shire (A),2015,4
New South Wales,Tumut Shire (A),2016,4
New South Wales,Tumut Shire (A),2017,15
New South Wales,Tumut Shire (A),2018,37
New South Wales,Tumut Shire (A),2019,45
New South Wales,Tumut Shire (A),2020,9
New South Wales,Tumut Shire (A),2021,26
New South Wales,Tumut Shire (A),2022,17
New South Wales,Tumut Shire (A),2023,24
New South Wales,Tumut Shire (A),2024,58
New South Wales,Tumut Shire (A),2025,15
New South Wales,Tumut Shire (A),2026,8
New South Wales,Upper Hunter Shire (A),1990,7
New South Wales,Upper Hunter Shire (A),1991,3
New South Wales,Upper Hunter Shire (A),1992,322
New South Wales,Upper Hunter Shire (A),1993,32
New South Wales,Upper Hunter Shire (A),1994,13
New South Wales,Upper Hunter Shire (A),1995,2
New South Wales,Upper Hunter Shire (A),1996,9
New South Wales,Upper Hunter Shire (A),1997,11
New South Wales,Upper Hunter Shire (A),1998,273
New South Wales,Upper Hunter Shire (A),1999,45
New South Wales,Upper Hunter Shire (A),2000,38
New South Wales,Upper Hunter Shire (A),2001,27
New South Wales,Upper Hunter Shire (A),2002,20
New South Wales,Upper Hunter Shire (A),2003,15
New South Wales,Upper Hunter Shire (A),2004,8
New South Wales,Upper Hunter Shire (A),2005,12
New South Wales,Upper Hunter Shire (A),2006,16
New South Wales,Upper Hunter Shire (A),2007,5
New South Wales,Upper Hunter Shire (A),2008,17
New South Wales,Upper Hunter Shire (A),2009,5
New South Wales,Upper Hunter Shire (A),2010,10
New South Wales,Upper Hunter Shire (A),2011,106
New South Wales,Upper Hunter Shire (A),2012,26
New South Wales,Upper Hunter Shire (A),2013,16
New South Wales,Upper Hunter Shire (A),2014,12
New South Wales,Upper Hunter Shire (A),2015,10
New South Wales,Upper Hunter Shire (A),2016,11
New South Wales,Upper Hunter Shire (A),2017,27
New South Wales,Upper Hunter Shire (A),2018,20
New South Wales,Upper Hunter Shire (A),2019,54
New South Wales,Upper Hunter Shire (A),2020,13
New South Wales,Upper Hunter Shire (A),2021,13
New South Wales,Upper Hunter Shire (A),2022,65
New South Wales,Upper Hunter Shire (A),2023,2452
New South Wales,Upper Hunter Shire (A),2024,100
New South Wales,Upper Hunter Shire (A),2025,79
New South Wales,Upper Hunter Shire (A),2026,1
New South Wales,Walcha (A),1990,8
New South Wales,Walcha (A),1991,53
New South Wales,Walcha (A),1992,459
New South Wales,Walcha (A),1993,334
New South Wales,Walcha (A),1994,14
New South Wales,Walcha (A),1995,8
New South Wales,Walcha (A),1996,4
New South Wales,Walcha (A),1997,155
New South Wales,Walcha (A),1998,25
New South Wales,Walcha (A),1999,30
New South Wales,Walcha (A),2000,64
New South Wales,Walcha (A),2001,31
New South Wales,Walcha (A),2002,44
New South Wales,Walcha (A),2003,61
New South Wales,Walcha (A),2004,32
New South Wales,Walcha (A),2005,82
New South Wales,Walcha (A),2006,116
New South Wales,Walcha (A),2007,118
New South Wales,Walcha (A),2008,107
New South Wales,Walcha (A),2009,57
New South Wales,Walcha (A),2010,61
New South Wales,Walcha (A),2011,16
New South Wales,Walcha (A),2012,9
New South Wales,Walcha (A),2013,30
New South Wales,Walcha (A),2014,24
New South Wales,Walcha (A),2015,93
New South Wales,Walcha (A),2016,111
New South Wales,Walcha (A),2017,10
New South Wales,Walcha (A),2018,116
New South Wales,Walcha (A),2019,20
New South Wales,Walcha (A),2020,126
New South Wales,Walcha (A),2021,65
New South Wales,Walcha (A),2022,55
New South Wales,Walcha (A),2023,312
New South Wales,Walcha (A),2024,693
New South Wales,Walcha (A),2025,790
New South Wales,Walcha (A),2026,157
New South Wales,Warrumbungle Shire (A),1990,12
New South Wales,Warrumbungle Shire (A),1991,18
New South Wales,Warrumbungle Shire (A),1992,24
New South Wales,Warrumbungle Shire (A),1993,62
New South Wales,Warrumbungle Shire (A),1994,23
New South Wales,Warrumbungle Shire (A),1995,20
New South Wales,Warrumbungle Shire (A),1996,17
New South Wales,Warrumbungle Shire (A),1997,33
New South Wales,Warrumbungle Shire (A),1998,171
New South Wales,Warrumbungle Shire (A),1999,29
New South Wales,Warrumbungle Shire (A),2000,38
New South Wales,Warrumbungle Shire (A),2001,35
New South Wales,Warrumbungle Shire (A),2002,198
New South Wales,Warrumbungle Shire (A),2003,92
New South Wales,Warrumbungle Shire (A),2004,18
New South Wales,Warrumbungle Shire (A),2005,20
New South Wales,Warrumbungle Shire (A),2006,21
New South Wales,Warrumbungle Shire (A),2007,9
New South Wales,Warrumbungle Shire (A),2008,21
New South Wales,Warrumbungle Shire (A),2009,23
New South Wales,Warrumbungle Shire (A),2010,14
New South Wales,Warrumbungle Shire (A),2011,12
New South Wales,Warrumbungle Shire (A),2012,19
New South Wales,Warrumbungle Shire (A),2013,12
New South Wales,Warrumbungle Shire (A),2014,21
New South Wales,Warrumbungle Shire (A),2015,9
New South Wales,Warrumbungle Shire (A),2016,6
New South Wales,Warrumbungle Shire (A),2017,18
New South Wales,Warrumbungle Shire (A),2018,12
New South Wales,Warrumbungle Shire (A),2019,12
New South Wales,Warrumbungle Shire (A),2020,13
New South Wales,Warrumbungle Shire (A),2021,26
New South Wales,Warrumbungle Shire (A),2022,26
New South Wales,Warrumbungle Shire (A),2023,958
New South Wales,Warrumbungle Shire (A),2024,13
New South Wales,Warrumbungle Shire (A),2025,31
New South Wales,Wentworth (A),2002,1
New South Wales,Wentworth (A),2003,2
New South Wales,Wentworth (A),2008,1
New South Wales,Wingecarribee (A),1990,23
New South Wales,Wingecarribee (A),1991,13
New South Wales,Wingecarribee (A),1992,8
New South Wales,Wingecarribee (A),1993,11
New South Wales,Wingecarribee (A),1994,66
New South Wales,Wingecarribee (A),1995,17
New South Wales,Wingecarribee (A),1996,30
New South Wales,Wingecarribee (A),1997,38
New South Wales,Wingecarribee (A),1998,31
New South Wales,Wingecarribee (A),1999,85
New South Wales,Wingecarribee (A),2000,56
New South Wales,Wingecarribee (A),2001,43
New South Wales,Wingecarribee (A),2002,73
New South Wales,Wingecarribee (A),2003,140
New South Wales,Wingecarribee (A),2004,141
New South Wales,Wingecarribee (A),2005,35
New South Wales,Wingecarribee (A),2006,31
New South Wales,Wingecarribee (A),2007,28
New South Wales,Wingecarribee (A),2008,41
New South Wales,Wingecarribee (A),2009,38
New South Wales,Wingecarribee (A),2010,40
New South Wales,Wingecarribee (A),2011,79
New South Wales,Wingecarribee (A),2012,103
New South Wales,Wingecarribee (A),2013,114
New South Wales,Wingecarribee (A),2014,188
New South Wales,Wingecarribee (A),2015,2213
New South Wales,Wingecarribee (A),2016,1188
New South Wales,Wingecarribee (A),2017,177
New South Wales,Wingecarribee (A),2018,243
New South Wales,Wingecarribee (A),2019,140
New South Wales,Wingecarribee (A),2020,261
New South Wales,Wingecarribee (A),2021,15356
New South Wales,Wingecarribee (A),2022,558
New South Wales,Wingecarribee (A),2023,2927
New South Wales,Wingecarribee (A),2024,853
New South Wales,Wingecarribee (A),2025,177
New South Wales,Wingecarribee (A),2026,25
New South Wales,Wollondilly (A),1990,8
New South Wales,Wollondilly (A),1991,26
New South Wales,Wollondilly (A),1992,18
New South Wales,Wollondilly (A),1993,3
New South Wales,Wollondilly (A),1994,16
New South Wales,Wollondilly (A),1995,6
New South Wales,Wollondilly (A),1996,9
New South Wales,Wollondilly (A),1997,205
New South Wales,Wollondilly (A),1998,32
New South Wales,Wollondilly (A),1999,35
New South Wales,Wollondilly (A),2000,31
New South Wales,Wollondilly (A),2001,29
New South Wales,Wollondilly (A),2002,90
New South Wales,Wollondilly (A),2003,136
New South Wales,Wollondilly (A),2004,72
New South Wales,Wollondilly (A),2005,23
New South Wales,Wollondilly (A),2006,43
New South Wales,Wollondilly (A),2007,33
New South Wales,Wollondilly (A),2008,39
New South Wales,Wollondilly (A),2009,25
New South Wales,Wollondilly (A),2010,17
New South Wales,Wollondilly (A),2011,7
New South Wales,Wollondilly (A),2012,30
New South Wales,Wollondilly (A),2013,29
New South Wales,Wollondilly (A),2014,19
New South Wales,Wollondilly (A),2015,54
New South Wales,Wollondilly (A),2016,84
New South Wales,Wollondilly (A),2017,1346
New South Wales,Wollondilly (A),2018,66
New South Wales,Wollondilly (A),2019,93
New South Wales,Wollondilly (A),2020,65
New South Wales,Wollondilly (A),2021,152
New South Wales,Wollondilly (A),2022,133
New South Wales,Wollondilly (A),2023,961
New South Wales,Wollondilly (A),2024,416
New South Wales,Wollondilly (A),2025,242
New South Wales,Wollondilly (A),2026,17
Northern Territory,Barkly (S),2009,1
Queensland,Banana (S),1991,2
Queensland,Banana (S),1992,4
Queensland,Banana (S),1993,2
Queensland,Banana (S),1994,17
Queensland,Banana (S),1995,3
Queensland,Banana (S),1996,32
Queensland,Banana (S),1997,43
Queensland,Banana (S),1998,4
Queensland,Banana (S),1999,8
Queensland,Banana (S),2000,3
Queensland,Banana (S),2001,20
Queensland,Banana (S),2002,16
Queensland,Banana (S),2003,8
Queensland,Banana (S),2004,1
Queensland,Banana (S),2005,1
Queensland,Banana (S),2006,2
Queensland,Banana (S),2007,2
Queensland,Banana (S),2008,1
Queensland,Banana (S),2009,6
Queensland,Banana (S),2011,2
Queensland,Banana (S),2012,4
Queensland,Banana (S),2013,4
Queensland,Banana (S),2014,21
Queensland,Banana (S),2015,3
Queensland,Banana (S),2018,3
Queensland,Banana (S),2019,4
Queensland,Banana (S),2020,9
Queensland,Banana (S),2021,9
Queensland,Banana (S),2022,6
Queensland,Banana (S),2023,3
Queensland,Banana (S),2024,4
Queensland,Banana (S),2025,19
Queensland,Banana (S),2026,4
Queensland,Brisbane (C),1990,70
Queensland,Brisbane (C),1991,146
Queensland,Brisbane (C),1992,152
Queensland,Brisbane (C),1993,210
Queensland,Brisbane (C),1994,65
Queensland,Brisbane (C),1995,15
Queensland,Brisbane (C),1996,436
Queensland,Brisbane (C),1997,248
Queensland,Brisbane (C),1998,231
Queensland,Brisbane (C),1999,233
Queensland,Brisbane (C),2000,362
Queensland,Brisbane (C),2001,256
Queensland,Brisbane (C),2002,241
Queensland,Brisbane (C),2003,196
Queensland,Brisbane (C),2004,216
Queensland,Brisbane (C),2005,126
Queensland,Brisbane (C),2006,130
Queensland,Brisbane (C),2007,157
Queensland,Brisbane (C),2008,126
Queensland,Brisbane (C),2009,252
Queensland,Brisbane (C),2010,233
Queensland,Brisbane (C),2011,270
Queensland,Brisbane (C),2012,123
Queensland,Brisbane (C),2013,265
Queensland,Brisbane (C),2014,212
Queensland,Brisbane (C),2015,221
Queensland,Brisbane (C),2016,311
Queensland,Brisbane (C),2017,797
Queensland,Brisbane (C),2018,854
Queensland,Brisbane (C),2019,817
Queensland,Brisbane (C),2020,1059
Queensland,Brisbane (C),2021,857
Queensland,Brisbane (C),2022,738
Queensland,Brisbane (C),2023,2514
Queensland,Brisbane (C),2024,2549
Queensland,Brisbane (C),2025,3190
Queensland,Brisbane (C),2026,2328
Queensland,Bundaberg (R),1991,1
Queensland,Bundaberg (R),1992,4
Queensland,Bundaberg (R),1993,1
Queensland,Bundaberg (R),1994,14
Queensland,Bundaberg (R),1995,7
Queensland,Bundaberg (R),1996,2
Queensland,Bundaberg (R),1997,44
Queensland,Bundaberg (R),1998,11
Queensland,Bundaberg (R),1999,14
Queensland,Bundaberg (R),2000,5
Queensland,Bundaberg (R),2001,8
Queensland,Bundaberg (R),2002,2
Queensland,Bundaberg (R),2003,2
Queensland,Bundaberg (R),2004,4
Queensland,Bundaberg (R),2005,1
Queensland,Bundaberg (R),2006,2
Queensland,Bundaberg (R),2007,1
Queensland,Bundaberg (R),2008,1
Queensland,Bundaberg (R),2009,1
Queensland,Bundaberg (R),2010,3
Queensland,Bundaberg (R),2011,3
Queensland,Bundaberg (R),2012,11
Queensland,Bundaberg (R),2013,11
Queensland,Bundaberg (R),2014,3
Queensland,Bundaberg (R),2015,2
Queensland,Bundaberg (R),2016,1
Queensland,Bundaberg (R),2017,1
Queensland,Bundaberg (R),2018,2
Queensland,Bundaberg (R),2019,3
Queensland,Bundaberg (R),2020,8
Queensland,Bundaberg (R),2021,5
Queensland,Bundaberg (R),2022,2
Queensland,Bundaberg (R),2023,1
Queensland,Bundaberg (R),2024,3
Queensland,Bundaberg (R),2025,3
Queensland,Cairns (R),1990,7
Queensland,Cairns (R),1997,2
Queensland,Cairns (R),1999,2
Queensland,Cairns (R),2000,3
Queensland,Cairns (R),2001,1
Queensland,Cairns (R),2005,1
Queensland,Cairns (R),2009,2
Queensland,Cairns (R),2010,2
Queensland,Cairns (R),2012,1
Queensland,Cairns (R),2013,1
Queensland,Cairns (R),2015,1
Queensland,Cairns (R),2016,2
Queensland,Cairns (R),2017,5
Queensland,Cairns (R),2018,1
Queensland,Cairns (R),2019,2
Queensland,Cairns (R),2021,1
Queensland,Cairns (R),2022,2
Queensland,Cairns (R),2023,3
Queensland,Cairns (R),2025,1
Queensland,Cassowary Coast (R),1999,1
Queensland,Cassowary Coast (R),2004,1
Queensland,Cassowary Coast (R),2025,1
Queensland,Central Highlands (R),1990,24
Queensland,Central Highlands (R),1991,20
Queensland,Central Highlands (R),1992,2
Queensland,Central Highlands (R),1993,4
Queensland,Central Highlands (R),1994,1
Queensland,Central Highlands (R),1995,5
Queensland,Central Highlands (R),1996,3
Queensland,Central Highlands (R),1997,63
Queensland,Central Highlands (R),1998,4
Queensland,Central Highlands (R),1999,29
Queensland,Central Highlands (R),2000,13
Queensland,Central Highlands (R),2001,22
Queensland,Central Highlands (R),2002,15
Queensland,Central Highlands (R),2003,3
Queensland,Central Highlands (R),2004,1
Queensland,Central Highlands (R),2005,10
Queensland,Central Highlands (R),2006,5
Queensland,Central Highlands (R),2007,3
Queensland,Central Highlands (R),2008,6
Queensland,Central Highlands (R),2009,5
Queensland,Central Highlands (R),2010,4
Queensland,Central Highlands (R),2011,3
Queensland,Central Highlands (R),2012,18
Queensland,Central Highlands (R),2013,8
Queensland,Central Highlands (R),2014,44
Queensland,Central Highlands (R),2015,11
Queensland,Central Highlands (R),2016,7
Queensland,Central Highlands (R),2017,8
Queensland,Central Highlands (R),2018,9
Queensland,Central Highlands (R),2019,4
Queensland,Central Highlands (R),2020,2
Queensland,Central Highlands (R),2021,10
Queensland,Central Highlands (R),2022,12
Queensland,Central Highlands (R),2023,17
Queensland,Central Highlands (R),2024,6
Queensland,Central Highlands (R),2025,19
Queensland,Central Highlands (R),2026,7
Queensland,Charters Towers (R),1990,3
Queensland,Charters Towers (R),1991,8
Queensland,Charters Towers (R),1994,1
Queensland,Charters Towers (R),1995,2
Queensland,Charters Towers (R),1998,14
Queensland,Charters Towers (R),1999,4
Queensland,Charters Towers (R),2000,1
Queensland,Charters Towers (R),2001,6
Queensland,Charters Towers (R),2002,8
Queensland,Charters Towers (R),2003,14
Queensland,Charters Towers (R),2004,10
Queensland,Charters Towers (R),2005,4
Queensland,Charters Towers (R),2007,1
Queensland,Charters Towers (R),2008,1
Queensland,Charters Towers (R),2009,4
Queensland,Charters Towers (R),2010,8
Queensland,Charters Towers (R),2012,2
Queensland,Charters Towers (R),2013,2
Queensland,Charters Towers (R),2014,19
Queensland,Charters Towers (R),2015,25
Queensland,Charters Towers (R),2016,22
Queensland,Charters Towers (R),2019,1
Queensland,Charters Towers (R),2020,3
Queensland,Charters Towers (R),2022,5
Queensland,Charters Towers (R),2023,9
Queensland,Charters Towers (R),2024,4
Queensland,Charters Towers (R),2025,1
Queensland,Charters Towers (R),2026,9
Queensland,Cook (S),1991,2
Queensland,Cook (S),1999,3
Queensland,Cook (S),2005,1
Queensland,Cook (S),2009,10
Queensland,Cook (S),2010,4
Queensland,Cook (S),2011,7
Queensland,Cook (S),2012,8
Queensland,Cook (S),2013,2
Queensland,Cook (S),2015,1
Queensland,Cook (S),2016,10
Queensland,Cook (S),2017,5
Queensland,Cook (S),2022,1
Queensland,Etheridge (S),2003,2
Queensland,Etheridge (S),2009,7
Queensland,Etheridge (S),2011,1
Queensland,Etheridge (S),2013,2
Queensland,Etheridge (S),2014,1
Queensland,Etheridge (S),2015,3
Queensland,Etheridge (S),2016,2
Queensland,Etheridge (S),2021,2
Queensland,Etheridge (S),2022,2
Queensland,Etheridge (S),2023,4
Queensland,Fraser Coast (R),1990,3
Queensland,Fraser Coast (R),1991,1
Queensland,Fraser Coast (R),1992,10
Queensland,Fraser Coast (R),1993,4
Queensland,Fraser Coast (R),1994,2
Queensland,Fraser Coast (R),1995,74
Queensland,Fraser Coast (R),1996,4
Queensland,Fraser Coast (R),1997,93
Queensland,Fraser Coast (R),1998,13
Queensland,Fraser Coast (R),1999,14
Queensland,Fraser Coast (R),2000,10
Queensland,Fraser Coast (R),2001,13
Queensland,Fraser Coast (R),2002,7
Queensland,Fraser Coast (R),2003,5
Queensland,Fraser Coast (R),2004,5
Queensland,Fraser Coast (R),2005,3
Queensland,Fraser Coast (R),2006,4
Queensland,Fraser Coast (R),2007,13
Queensland,Fraser Coast (R),2008,12
Queensland,Fraser Coast (R),2009,9
Queensland,Fraser Coast (R),2010,47
Queensland,Fraser Coast (R),2011,67
Queensland,Fraser Coast (R),2012,81
Queensland,Fraser Coast (R),2013,76
Queensland,Fraser Coast (R),2014,58
Queensland,Fraser Coast (R),2015,30
Queensland,Fraser Coast (R),2016,8
Queensland,Fraser Coast (R),2017,9
Queensland,Fraser Coast (R),2018,16
Queensland,Fraser Coast (R),2019,10
Queensland,Fraser Coast (R),2020,35
Queensland,Fraser Coast (R),2021,13
Queensland,Fraser Coast (R),2022,18
Queensland,Fraser Coast (R),2023,12
Queensland,Fraser Coast (R),2024,59
Queensland,Fraser Coast (R),2025,66
Queensland,Fraser Coast (R),2026,11
Queensland,Gladstone (R),1990,1
Queensland,Gladstone (R),1992,20
Queensland,Gladstone (R),1993,5
Queensland,Gladstone (R),1994,31
Queensland,Gladstone (R),1995,6
Queensland,Gladstone (R),1996,5
Queensland,Gladstone (R),1997,121
Queensland,Gladstone (R),1998,16
Queensland,Gladstone (R),1999,25
Queensland,Gladstone (R),2000,10
Queensland,Gladstone (R),2001,5
Queensland,Gladstone (R),2002,6
Queensland,Gladstone (R),2003,9
Queensland,Gladstone (R),2004,16
Queensland,Gladstone (R),2005,5
Queensland,Gladstone (R),2006,3
Queensland,Gladstone (R),2007,9
Queensland,Gladstone (R),2008,2
Queensland,Gladstone (R),2009,3
Queensland,Gladstone (R),2010,5
Queensland,Gladstone (R),2011,3
Queensland,Gladstone (R),2012,4
Queensland,Gladstone (R),2013,19
Queensland,Gladstone (R),2014,4
Queensland,Gladstone (R),2015,8
Queensland,Gladstone (R),2016,9
Queensland,Gladstone (R),2017,7
Queensland,Gladstone (R),2018,13
Queensland,Gladstone (R),2019,6
Queensland,Gladstone (R),2020,8
Queensland,Gladstone (R),2021,7
Queensland,Gladstone (R),2022,5
Queensland,Gladstone (R),2023,18
Queensland,Gladstone (R),2024,2
Queensland,Gladstone (R),2025,2
Queensland,Gladstone (R),2026,1
Queensland,Goondiwindi (R),1993,1
Queensland,Goondiwindi (R),1994,15
Queensland,Goondiwindi (R),1995,7
Queensland,Goondiwindi (R),1996,2
Queensland,Goondiwindi (R),1998,1
Queensland,Goondiwindi (R),1999,20
Queensland,Goondiwindi (R),2000,5
Queensland,Goondiwindi (R),2001,8
Queensland,Goondiwindi (R),2002,2
Queensland,Goondiwindi (R),2003,8
Queensland,Goondiwindi (R),2004,14
Queensland,Goondiwindi (R),2005,3
Queensland,Goondiwindi (R),2006,13
Queensland,Goondiwindi (R),2007,2
Queensland,Goondiwindi (R),2008,9
Queensland,Goondiwindi (R),2009,4
Queensland,Goondiwindi (R),2011,12
Queensland,Goondiwindi (R),2012,2
Queensland,Goondiwindi (R),2013,14
Queensland,Goondiwindi (R),2014,4
Queensland,Goondiwindi (R),2015,1
Queensland,Goondiwindi (R),2016,4
Queensland,Goondiwindi (R),2017,55
Queensland,Goondiwindi (R),2018,41
Queensland,Goondiwindi (R),2019,78
Queensland,Goondiwindi (R),2020,31
Queensland,Goondiwindi (R),2021,45
Queensland,Goondiwindi (R),2022,16
Queensland,Goondiwindi (R),2023,7
Queensland,Goondiwindi (R),2024,9
Queensland,Goondiwindi (R),2025,20
Queensland,Goondiwindi (R),2026,1
Queensland,Gympie (R),1990,1
Queensland,Gympie (R),1991,6
Queensland,Gympie (R),1992,10
Queensland,Gympie (R),1994,3
Queensland,Gympie (R),1995,6
Queensland,Gympie (R),1996,8
Queensland,Gympie (R),1997,127
Queensland,Gympie (R),1998,16
Queensland,Gympie (R),1999,59
Queensland,Gympie (R),2000,55
Queensland,Gympie (R),2001,59
Queensland,Gympie (R),2002,24
Queensland,Gympie (R),2003,20
Queensland,Gympie (R),2004,11
Queensland,Gympie (R),2005,20
Queensland,Gympie (R),2006,38
Queensland,Gympie (R),2007,43
Queensland,Gympie (R),2008,32
Queensland,Gympie (R),2009,36
Queensland,Gympie (R),2010,63
Queensland,Gympie (R),2011,56
Queensland,Gympie (R),2012,42
Queensland,Gympie (R),2013,40
Queensland,Gympie (R),2014,42
Queensland,Gympie (R),2015,30
Queensland,Gympie (R),2016,35
Queensland,Gympie (R),2017,25
Queensland,Gympie (R),2018,25
Queensland,Gympie (R),2019,30
Queensland,Gympie (R),2020,24
Queensland,Gympie (R),2021,15
Queensland,Gympie (R),2022,26
Queensland,Gympie (R),2023,36
Queensland,Gympie (R),2024,92
Queensland,Gympie (R),2025,39
Queensland,Gympie (R),2026,15
Queensland,Hinchinbrook (S),2000,1
Queensland,Hinchinbrook (S),2001,4
Queensland,Hinchinbrook (S),2008,1
Queensland,Hinchinbrook (S),2010,1
Queensland,Hinchinbrook (S),2013,1
Queensland,Hinchinbrook (S),2017,1
Queensland,Hinchinbrook (S),2018,1
Queensland,Hinchinbrook (S),2022,1
Queensland,Hinchinbrook (S),2023,3
Queensland,Hinchinbrook (S),2024,2
Queensland,Hinchinbrook (S),2025,1
Queensland,Hinchinbrook (S),2026,2
Queensland,Isaac (R),1990,4
Queensland,Isaac (R),1991,6
Queensland,Isaac (R),1993,1
Queensland,Isaac (R),1994,5
Queensland,Isaac (R),1995,1
Queensland,Isaac (R),1996,5
Queensland,Isaac (R),1997,3
Queensland,Isaac (R),1998,3
Queensland,Isaac (R),1999,2
Queensland,Isaac (R),2000,6
Queensland,Isaac (R),2001,1
Queensland,Isaac (R),2002,7
Queensland,Isaac (R),2004,1
Queensland,Isaac (R),2005,1
Queensland,Isaac (R),2006,1
Queensland,Isaac (R),2008,3
Queensland,Isaac (R),2009,3
Queensland,Isaac (R),2010,5
Queensland,Isaac (R),2011,3
Queensland,Isaac (R),2012,6
Queensland,Isaac (R),2013,18
Queensland,Isaac (R),2014,35
Queensland,Isaac (R),2015,26
Queensland,Isaac (R),2016,12
Queensland,Isaac (R),2017,58
Queensland,Isaac (R),2018,95
Queensland,Isaac (R),2019,81
Queensland,Isaac (R),2020,93
Queensland,Isaac (R),2021,386
Queensland,Isaac (R),2022,285
Queensland,Isaac (R),2023,377
Queensland,Isaac (R),2024,51
Queensland,Isaac (R),2025,50
Queensland,Isaac (R),2026,17
Queensland,Lockyer Valley (R),1990,34
Queensland,Lockyer Valley (R),1991,43
Queensland,Lockyer Valley (R),1992,52
Queensland,Lockyer Valley (R),1993,48
Queensland,Lockyer Valley (R),1994,34
Queensland,Lockyer Valley (R),1995,9
Queensland,Lockyer Valley (R),1996,2
Queensland,Lockyer Valley (R),1997,27
Queensland,Lockyer Valley (R),1998,10
Queensland,Lockyer Valley (R),1999,33
Queensland,Lockyer Valley (R),2000,44
Queensland,Lockyer Valley (R),2001,16
Queensland,Lockyer Valley (R),2002,13
Queensland,Lockyer Valley (R),2003,5
Queensland,Lockyer Valley (R),2004,10
Queensland,Lockyer Valley (R),2005,3
Queensland,Lockyer Valley (R),2006,29
Queensland,Lockyer Valley (R),2007,10
Queensland,Lockyer Valley (R),2008,23
Queensland,Lockyer Valley (R),2009,38
Queensland,Lockyer Valley (R),2010,43
Queensland,Lockyer Valley (R),2011,39
Queensland,Lockyer Valley (R),2012,57
Queensland,Lockyer Valley (R),2013,92
Queensland,Lockyer Valley (R),2014,56
Queensland,Lockyer Valley (R),2015,428
Queensland,Lockyer Valley (R),2016,848
Queensland,Lockyer Valley (R),2017,873
Queensland,Lockyer Valley (R),2018,236
Queensland,Lockyer Valley (R),2019,423
Queensland,Lockyer Valley (R),2020,328
Queensland,Lockyer Valley (R),2021,355
Queensland,Lockyer Valley (R),2022,150
Queensland,Lockyer Valley (R),2023,225
Queensland,Lockyer Valley (R),2024,85
Queensland,Lockyer Valley (R),2025,75
Queensland,Lockyer Valley (R),2026,22
Queensland,Mackay (R),1990,3
Queensland,Mackay (R),1992,3
Queensland,Mackay (R),1994,6
Queensland,Mackay (R),1995,1
Queensland,Mackay (R),1998,6
Queensland,Mackay (R),1999,2
Queensland,Mackay (R),2000,4
Queensland,Mackay (R),2001,25
Queensland,Mackay (R),2002,36
Queensland,Mackay (R),2003,20
Queensland,Mackay (R),2004,20
Queensland,Mackay (R),2005,11
Queensland,Mackay (R),2006,11
Queensland,Mackay (R),2007,13
Queensland,Mackay (R),2008,23
Queensland,Mackay (R),2009,12
Queensland,Mackay (R),2010,7
Queensland,Mackay (R),2011,4
Queensland,Mackay (R),2012,7
Queensland,Mackay (R),2013,15
Queensland,Mackay (R),2014,11
Queensland,Mackay (R),2015,12
Queensland,Mackay (R),2016,11
Queensland,Mackay (R),2017,20
Queensland,Mackay (R),2018,21
Queensland,Mackay (R),2019,12
Queensland,Mackay (R),2020,13
Queensland,Mackay (R),2021,36
Queensland,Mackay (R),2022,22
Queensland,Mackay (R),2023,37
Queensland,Mackay (R),2024,17
Queensland,Mackay (R),2025,12
Queensland,Mackay (R),2026,10
Queensland,Maranoa (R),1990,1
Queensland,Maranoa (R),1991,1
Queensland,Maranoa (R),1996,1
Queensland,Maranoa (R),1997,1
Queensland,Maranoa (R),1998,2
Queensland,Maranoa (R),1999,5
Queensland,Maranoa (R),2000,4
Queensland,Maranoa (R),2001,3
Queensland,Maranoa (R),2003,2
Queensland,Maranoa (R),2008,2
Queensland,Maranoa (R),2009,2
Queensland,Maranoa (R),2012,2
Queensland,Maranoa (R),2013,10
Queensland,Maranoa (R),2014,18
Queensland,Maranoa (R),2015,1
Queensland,Maranoa (R),2017,1
Queensland,Maranoa (R),2018,1
Queensland,Maranoa (R),2019,2
Queensland,Maranoa (R),2020,1
Queensland,Maranoa (R),2021,1
Queensland,Maranoa (R),2022,3
Queensland,Maranoa (R),2023,6
Queensland,Maranoa (R),2024,3
Queensland,Maranoa (R),2025,6
Queensland,Maranoa (R),2026,4
Queensland,North Burnett (R),1992,16
Queensland,North Burnett (R),1993,5
Queensland,North Burnett (R),1994,6
Queensland,North Burnett (R),1995,1
Queensland,North Burnett (R),1996,23
Queensland,North Burnett (R),1997,33
Queensland,North Burnett (R),1998,7
Queensland,North Burnett (R),1999,24
Queensland,North Burnett (R),2000,4
Queensland,North Burnett (R),2001,27
Queensland,North Burnett (R),2002,21
Queensland,North Burnett (R),2003,1
Queensland,North Burnett (R),2004,11
Queensland,North Burnett (R),2005,8
Queensland,North Burnett (R),2006,4
Queensland,North Burnett (R),2007,18
Queensland,North Burnett (R),2008,8
Queensland,North Burnett (R),2009,10
Queensland,North Burnett (R),2010,5
Queensland,North Burnett (R),2011,4
Queensland,North Burnett (R),2012,5
Queensland,North Burnett (R),2013,10
Queensland,North Burnett (R),2014,3
Queensland,North Burnett (R),2015,1
Queensland,North Burnett (R),2016,3
Queensland,North Burnett (R),2017,14
Queensland,North Burnett (R),2018,16
Queensland,North Burnett (R),2019,18
Queensland,North Burnett (R),2020,15
Queensland,North Burnett (R),2021,13
Queensland,North Burnett (R),2022,12
Queensland,North Burnett (R),2023,22
Queensland,North Burnett (R),2024,14
Queensland,North Burnett (R),2025,13
Queensland,North Burnett (R),2026,3
Queensland,Rockhampton (R),1990,3
Queensland,Rockhampton (R),1991,38
Queensland,Rockhampton (R),1992,32
Queensland,Rockhampton (R),1994,1
Queensland,Rockhampton (R),1995,1
Queensland,Rockhampton (R),1996,9
Queensland,Rockhampton (R),1997,1
Queensland,Rockhampton (R),1998,5
Queensland,Rockhampton (R),1999,42
Queensland,Rockhampton (R),2000,8
Queensland,Rockhampton (R),2001,3
Queensland,Rockhampton (R),2002,4
Queensland,Rockhampton (R),2004,1
Queensland,Rockhampton (R),2009,2
Queensland,Rockhampton (R),2010,2
Queensland,Rockhampton (R),2011,3
Queensland,Rockhampton (R),2012,2
Queensland,Rockhampton (R),2013,1
Queensland,Rockhampton (R),2014,1
Queensland,Rockhampton (R),2015,1
Queensland,Rockhampton (R),2016,1
Queensland,Rockhampton (R),2017,2
Queensland,Rockhampton (R),2018,8
Queensland,Rockhampton (R),2019,2
Queensland,Rockhampton (R),2020,6
Queensland,Rockhampton (R),2021,2
Queensland,Rockhampton (R),2022,5
Queensland,Rockhampton (R),2023,5
Queensland,Rockhampton (R),2024,1
Queensland,Rockhampton (R),2025,3
Queensland,Scenic Rim (R),1990,9
Queensland,Scenic Rim (R),1991,10
Queensland,Scenic Rim (R),1992,54
Queensland,Scenic Rim (R),1993,90
Queensland,Scenic Rim (R),1994,47
Queensland,Scenic Rim (R),1995,14
Queensland,Scenic Rim (R),1996,9
Queensland,Scenic Rim (R),1997,41
Queensland,Scenic Rim (R),1998,30
Queensland,Scenic Rim (R),1999,37
Queensland,Scenic Rim (R),2000,43
Queensland,Scenic Rim (R),2001,58
Queensland,Scenic Rim (R),2002,60
Queensland,Scenic Rim (R),2003,71
Queensland,Scenic Rim (R),2004,91
Queensland,Scenic Rim (R),2005,107
Queensland,Scenic Rim (R),2006,56
Queensland,Scenic Rim (R),2007,83
Queensland,Scenic Rim (R),2008,62
Queensland,Scenic Rim (R),2009,103
Queensland,Scenic Rim (R),2010,79
Queensland,Scenic Rim (R),2011,95
Queensland,Scenic Rim (R),2012,38
Queensland,Scenic Rim (R),2013,69
Queensland,Scenic Rim (R),2014,153
Queensland,Scenic Rim (R),2015,162
Queensland,Scenic Rim (R),2016,51
Queensland,Scenic Rim (R),2017,124
Queensland,Scenic Rim (R),2018,65
Queensland,Scenic Rim (R),2019,75
Queensland,Scenic Rim (R),2020,117
Queensland,Scenic Rim (R),2021,89
Queensland,Scenic Rim (R),2022,174
Queensland,Scenic Rim (R),2023,185
Queensland,Scenic Rim (R),2024,372
Queensland,Scenic Rim (R),2025,246
Queensland,Scenic Rim (R),2026,71
Queensland,Somerset (R),1990,7
Queensland,Somerset (R),1991,60
Queensland,Somerset (R),1992,76
Queensland,Somerset (R),1993,49
Queensland,Somerset (R),1994,47
Queensland,Somerset (R),1995,1
Queensland,Somerset (R),1996,5
Queensland,Somerset (R),1997,74
Queensland,Somerset (R),1998,23
Queensland,Somerset (R),1999,29
Queensland,Somerset (R),2000,37
Queensland,Somerset (R),2001,38
Queensland,Somerset (R),2002,33
Queensland,Somerset (R),2003,32
Queensland,Somerset (R),2004,14
Queensland,Somerset (R),2005,18
Queensland,Somerset (R),2006,33
Queensland,Somerset (R),2007,46
Queensland,Somerset (R),2008,32
Queensland,Somerset (R),2009,75
Queensland,Somerset (R),2010,90
Queensland,Somerset (R),2011,120
Queensland,Somerset (R),2012,24
Queensland,Somerset (R),2013,73
Queensland,Somerset (R),2014,167
Queensland,Somerset (R),2015,32
Queensland,Somerset (R),2016,33
Queensland,Somerset (R),2017,11
Queensland,Somerset (R),2018,41
Queensland,Somerset (R),2019,43
Queensland,Somerset (R),2020,32
Queensland,Somerset (R),2021,195
Queensland,Somerset (R),2022,109
Queensland,Somerset (R),2023,294
Queensland,Somerset (R),2024,197
Queensland,Somerset (R),2025,168
Queensland,Somerset (R),2026,111
Queensland,South Burnett (R),1990,2
Queensland,South Burnett (R),1991,4
Queensland,South Burnett (R),1992,2
Queensland,South Burnett (R),1993,1
Queensland,South Burnett (R),1994,4
Queensland,South Burnett (R),1995,3
Queensland,South Burnett (R),1996,5
Queensland,South Burnett (R),1997,43
Queensland,South Burnett (R),1998,8
Queensland,South Burnett (R),1999,37
Queensland,South Burnett (R),2000,34
Queensland,South Burnett (R),2001,67
Queensland,South Burnett (R),2002,45
Queensland,South Burnett (R),2003,33
Queensland,South Burnett (R),2004,59
Queensland,South Burnett (R),2005,49
Queensland,South Burnett (R),2006,35
Queensland,South Burnett (R),2007,41
Queensland,South Burnett (R),2008,64
Queensland,South Burnett (R),2009,37
Queensland,South Burnett (R),2010,64
Queensland,South Burnett (R),2011,44
Queensland,South Burnett (R),2012,24
Queensland,South Burnett (R),2013,40
Queensland,South Burnett (R),2014,4
Queensland,South Burnett (R),2015,3
Queensland,South Burnett (R),2016,4
Queensland,South Burnett (R),2017,6
Queensland,South Burnett (R),2018,11
Queensland,South Burnett (R),2019,6
Queensland,South Burnett (R),2020,26
Queensland,South Burnett (R),2021,36
Queensland,South Burnett (R),2022,45
Queensland,South Burnett (R),2023,275
Queensland,South Burnett (R),2024,254
Queensland,South Burnett (R),2025,158
Queensland,South Burnett (R),2026,34
Queensland,Southern Downs (R),1990,5
Queensland,Southern Downs (R),1991,2
Queensland,Southern Downs (R),1992,11
Queensland,Southern Downs (R),1993,20
Queensland,Southern Downs (R),1994,19
Queensland,Southern Downs (R),1995,3
Queensland,Southern Downs (R),1996,10
Queensland,Southern Downs (R),1997,36
Queensland,Southern Downs (R),1998,9
Queensland,Southern Downs (R),1999,62
Queensland,Southern Downs (R),2000,60
Queensland,Southern Downs (R),2001,74
Queensland,Southern Downs (R),2002,100
Queensland,Southern Downs (R),2003,37
Queensland,Southern Downs (R),2004,38
Queensland,Southern Downs (R),2005,43
Queensland,Southern Downs (R),2006,66
Queensland,Southern Downs (R),2007,42
Queensland,Southern Downs (R),2008,112
Queensland,Southern Downs (R),2009,29
Queensland,Southern Downs (R),2010,30
Queensland,Southern Downs (R),2011,51
Queensland,Southern Downs (R),2012,46
Queensland,Southern Downs (R),2013,68
Queensland,Southern Downs (R),2014,16
Queensland,Southern Downs (R),2015,34
Queensland,Southern Downs (R),2016,41
Queensland,Southern Downs (R),2017,152
Queensland,Southern Downs (R),2018,50
Queensland,Southern Downs (R),2019,49
Queensland,Southern Downs (R),2020,81
Queensland,Southern Downs (R),2021,58
Queensland,Southern Downs (R),2022,33
Queensland,Southern Downs (R),2023,34
Queensland,Southern Downs (R),2024,52
Queensland,Southern Downs (R),2025,72
Queensland,Southern Downs (R),2026,21
Queensland,Tablelands (R),1990,1
Queensland,Tablelands (R),1991,7
Queensland,Tablelands (R),1992,3
Queensland,Tablelands (R),1993,3
Queensland,Tablelands (R),1994,10
Queensland,Tablelands (R),1995,12
Queensland,Tablelands (R),1996,11
Queensland,Tablelands (R),1997,180
Queensland,Tablelands (R),1998,4
Queensland,Tablelands (R),1999,18
Queensland,Tablelands (R),2000,10
Queensland,Tablelands (R),2001,11
Queensland,Tablelands (R),2002,10
Queensland,Tablelands (R),2003,3
Queensland,Tablelands (R),2004,5
Queensland,Tablelands (R),2005,4
Queensland,Tablelands (R),2006,6
Queensland,Tablelands (R),2007,9
Queensland,Tablelands (R),2008,7
Queensland,Tablelands (R),2009,10
Queensland,Tablelands (R),2010,11
Queensland,Tablelands (R),2011,55
Queensland,Tablelands (R),2012,22
Queensland,Tablelands (R),2013,47
Queensland,Tablelands (R),2014,1
Queensland,Tablelands (R),2015,5
Queensland,Tablelands (R),2016,5
Queensland,Tablelands (R),2017,18
Queensland,Tablelands (R),2018,6
Queensland,Tablelands (R),2019,7
Queensland,Tablelands (R),2020,11
Queensland,Tablelands (R),2021,23
Queensland,Tablelands (R),2022,12
Queensland,Tablelands (R),2023,9
Queensland,Tablelands (R),2024,23
Queensland,Tablelands (R),2025,16
Queensland,Tablelands (R),2026,8
Queensland,Toowoomba (R),1990,6
Queensland,Toowoomba (R),1991,7
Queensland,Toowoomba (R),1992,7
Queensland,Toowoomba (R),1993,15
Queensland,Toowoomba (R),1994,28
Queensland,Toowoomba (R),1995,6
Queensland,Toowoomba (R),1996,1
Queensland,Toowoomba (R),1997,5
Queensland,Toowoomba (R),1998,5
Queensland,Toowoomba (R),1999,37
Queensland,Toowoomba (R),2000,64
Queensland,Toowoomba (R),2001,36
Queensland,Toowoomba (R),2002,34
Queensland,Toowoomba (R),2003,39
Queensland,Toowoomba (R),2004,29
Queensland,Toowoomba (R),2005,34
Queensland,Toowoomba (R),2006,52
Queensland,Toowoomba (R),2007,35
Queensland,Toowoomba (R),2008,33
Queensland,Toowoomba (R),2009,26
Queensland,Toowoomba (R),2010,54
Queensland,Toowoomba (R),2011,31
Queensland,Toowoomba (R),2012,46
Queensland,Toowoomba (R),2013,28
Queensland,Toowoomba (R),2014,189
Queensland,Toowoomba (R),2015,23
Queensland,Toowoomba (R),2016,24
Queensland,Toowoomba (R),2017,35
Queensland,Toowoomba (R),2018,52
Queensland,Toowoomba (R),2019,123
Queensland,Toowoomba (R),2020,104
Queensland,Toowoomba (R),2021,198
Queensland,Toowoomba (R),2022,309
Queensland,Toowoomba (R),2023,768
Queensland,Toowoomba (R),2024,429
Queensland,Toowoomba (R),2025,364
Queensland,Toowoomba (R),2026,115
Queensland,Townsville (C),1990,1
Queensland,Townsville (C),1994,2
Queensland,Townsville (C),1995,2
Queensland,Townsville (C),1997,2
Queensland,Townsville (C),1998,7
Queensland,Townsville (C),1999,2
Queensland,Townsville (C),2000,3
Queensland,Townsville (C),2001,4
Queensland,Townsville (C),2002,3
Queensland,Townsville (C),2003,4
Queensland,Townsville (C),2004,4
Queensland,Townsville (C),2005,2
Queensland,Townsville (C),2006,4
Queensland,Townsville (C),2007,6
Queensland,Townsville (C),2008,1
Queensland,Townsville (C),2009,2
Queensland,Townsville (C),2010,5
Queensland,Townsville (C),2011,5
Queensland,Townsville (C),2012,9
Queensland,Townsville (C),2013,6
Queensland,Townsville (C),2014,162
Queensland,Townsville (C),2015,26
Queensland,Townsville (C),2016,6
Queensland,Townsville (C),2017,16
Queensland,Townsville (C),2018,46
Queensland,Townsville (C),2019,34
Queensland,Townsville (C),2020,9
Queensland,Townsville (C),2021,19
Queensland,Townsville (C),2022,38
Queensland,Townsville (C),2023,64
Queensland,Townsville (C),2024,110
Queensland,Townsville (C),2025,68
Queensland,Townsville (C),2026,64
Queensland,Western Downs (R),1990,2
Queensland,Western Downs (R),1991,7
Queensland,Western Downs (R),1992,1
Queensland,Western Downs (R),1993,1
Queensland,Western Downs (R),1994,4
Queensland,Western Downs (R),1995,42
Queensland,Western Downs (R),1996,4
Queensland,Western Downs (R),1998,20
Queensland,Western Downs (R),1999,27
Queensland,Western Downs (R),2000,19
Queensland,Western Downs (R),2001,13
Queensland,Western Downs (R),2002,10
Queensland,Western Downs (R),2003,8
Queensland,Western Downs (R),2004,5
Queensland,Western Downs (R),2005,20
Queensland,Western Downs (R),2006,12
Queensland,Western Downs (R),2007,6
Queensland,Western Downs (R),2008,23
Queensland,Western Downs (R),2009,16
Queensland,Western Downs (R),2010,17
Queensland,Western Downs (R),2011,10
Queensland,Western Downs (R),2012,12
Queensland,Western Downs (R),2013,11
Queensland,Western Downs (R),2014,1
Queensland,Western Downs (R),2015,8
Queensland,Western Downs (R),2016,6
Queensland,Western Downs (R),2017,4
Queensland,Western Downs (R),2018,4
Queensland,Western Downs (R),2019,7
Queensland,Western Downs (R),2020,4
Queensland,Western Downs (R),2021,3
Queensland,Western Downs (R),2022,9
Queensland,Western Downs (R),2023,13
Queensland,Western Downs (R),2024,7
Queensland,Western Downs (R),2025,10
Queensland,Western Downs (R),2026,2
Queensland,Whitsunday (R),1992,1
Queensland,Whitsunday (R),1994,7
Queensland,Whitsunday (R),1997,1
Queensland,Whitsunday (R),1999,2
Queensland,Whitsunday (R),2001,1
Queensland,Whitsunday (R),2007,1
Queensland,Whitsunday (R),2008,2
Queensland,Whitsunday (R),2009,2
Queensland,Whitsunday (R),2012,1
Queensland,Whitsunday (R),2014,1
Queensland,Whitsunday (R),2015,1
Queensland,Whitsunday (R),2016,4
Queensland,Whitsunday (R),2017,1
Queensland,Whitsunday (R),2018,1
Queensland,Whitsunday (R),2019,3
Queensland,Whitsunday (R),2021,2
Queensland,Whitsunday (R),2023,2
Queensland,Whitsunday (R),2025,1
Queensland,Whitsunday (R),2026,1
South Australia,Kangaroo Island (DC),1990,16
South Australia,Kangaroo Island (DC),1992,3
South Australia,Kangaroo Island (DC),1993,2
South Australia,Kangaroo Island (DC),1994,1
South Australia,Kangaroo Island (DC),1996,2
South Australia,Kangaroo Island (DC),1998,1
South Australia,Kangaroo Island (DC),2000,1
South Australia,Kangaroo Island (DC),2001,2
South Australia,Kangaroo Island (DC),2004,2
South Australia,Kangaroo Island (DC),2005,88
South Australia,Kangaroo Island (DC),2006,57
South Australia,Kangaroo Island (DC),2007,80
South Australia,Kangaroo Island (DC),2008,49
South Australia,Kangaroo Island (DC),2009,33
South Australia,Kangaroo Island (DC),2010,7
South Australia,Kangaroo Island (DC),2011,5
South Australia,Kangaroo Island (DC),2012,19
South Australia,Kangaroo Island (DC),2013,6
South Australia,Kangaroo Island (DC),2014,9
South Australia,Kangaroo Island (DC),2015,18
South Australia,Kangaroo Island (DC),2016,48
South Australia,Kangaroo Island (DC),2017,127
South Australia,Kangaroo Island (DC),2018,65
South Australia,Kangaroo Island (DC),2019,63
South Australia,Kangaroo Island (DC),2020,76
South Australia,Kangaroo Island (DC),2021,42
South Australia,Kangaroo Island (DC),2022,80
South Australia,Kangaroo Island (DC),2023,59
South Australia,Kangaroo Island (DC),2024,41
South Australia,Kangaroo Island (DC),2025,119
South Australia,Kangaroo Island (DC),2026,41
South Australia,Unincorporated SA,2008,2
South Australia,Unincorporated SA,2013,3
South Australia,Unincorporated SA,2016,1
South Australia,Unincorporated SA,2017,1
South Australia,Unincorporated SA,2018,1
Tasmania,Break O'Day (M),1992,1
Tasmania,Break O'Day (M),1993,1
Tasmania,Break O'Day (M),1996,1
Tasmania,Break O'Day (M),1997,3
Tasmania,Break O'Day (M),1998,5
Tasmania,Break O'Day (M),1999,3
Tasmania,Break O'Day (M),2000,3
Tasmania,Break O'Day (M),2001,2
Tasmania,Break O'Day (M),2002,2
Tasmania,Break O'Day (M),2006,1
Tasmania,Central Highlands (M),1993,3
Tasmania,Central Highlands (M),1994,3
Tasmania,Central Highlands (M),1995,3
Tasmania,Central Highlands (M),1996,3
Tasmania,Central Highlands (M),2012,1
Tasmania,Circular Head (M),1991,1
Tasmania,Circular Head (M),1995,2
Tasmania,Circular Head (M),1999,1
Tasmania,Circular Head (M),2000,3
Tasmania,Circular Head (M),2001,14
Tasmania,Circular Head (M),2003,4
Tasmania,Circular Head (M),2006,1
Tasmania,Derwent Valley (M),1994,1
Tasmania,Derwent Valley (M),1995,2
Tasmania,Derwent Valley (M),2010,2
Tasmania,Derwent Valley (M),2015,1
Tasmania,Flinders (M),1995,1
Tasmania,Flinders (M),2001,2
Tasmania,Huon Valley (M),1993,2
Tasmania,Huon Valley (M),2009,1
Tasmania,Huon Valley (M),2012,1
Tasmania,Huon Valley (M),2013,1
Tasmania,Huon Valley (M),2014,2
Tasmania,Huon Valley (M),2017,1
Tasmania,Huon Valley (M),2019,2
Tasmania,Meander Valley (M),1993,1
Tasmania,Meander Valley (M),1994,1
Tasmania,Meander Valley (M),1996,3
Tasmania,Meander Valley (M),2017,1
Tasmania,West Coast (M),1996,1
Tasmania,West Coast (M),2001,9
Tasmania,West Coast (M),2002,23
Tasmania,West Coast (M),2009,2
Western Australia,Armadale (C),1992,1
Western Australia,Bridgetown-Greenbushes (S),2019,1
