ADM1_NAME,ADM2_NAME,fire_count,total_area_ha,earliest_fire,latest_fire,avg_area_ha_per_fire
Victoria,Mildura (RC),74256,431396.1648398662,1971-01-01,2025-06-26,5.80957989711089
Victoria,Wellington (S),59958,261735.98938219046,1965-02-21,2025-05-14,4.365322215253852
Victoria,Alpine (S),52478,3666558.641775362,2000-04-11,2025-04-29,69.86849044886166
Victoria,Mansfield (S),43236,95810.19368086093,2000-04-03,2025-05-13,2.2159819058391372
Victoria,East Gippsland (S),33453,920230.0138322288,1965-02-21,2025-05-19,27.50814617021579
Victoria,Murrindindi (S),32368,138497.48398180224,2002-04-09,2025-05-12,4.278839717678023
Victoria,Towong (S),29209,247140.42058213052,2000-04-02,2025-04-30,8.461105158756908
Victoria,Wangaratta (RC),26511,82355.42043080345,1943-12-22,2025-05-01,3.1064622394780828
Western Australia,East Pilbara (S),18505,22006992.83568051,1984-01-01,2026-05-14,1189.245762533397
Western Australia,Ashburton (S),17335,14669950.69391393,1983-01-01,2026-06-30,846.2619379240801
Victoria,Yarra Ranges (S),13289,70426.08939973045,1996-12-11,2025-05-16,5.299577801168669
Victoria,Hindmarsh (S),13062,245405.01135802746,1976-04-01,2025-02-11,18.787705662075293
Western Australia,Wiluna (S),12198,12891918.98524208,1997-12-01,2025-10-27,1056.8879312380784
Western Australia,Manjimup (S),11312,4114526.92159172,1938-01-01,2026-05-12,363.73116350704737
Victoria,West Wimmera (S),8808,168195.65484684706,1976-01-01,2025-05-12,19.095782793692898
Victoria,Baw Baw (S),8691,340376.9526260267,1999-02-01,2025-05-11,39.16430245380586
Western Australia,Roebourne (S),7930,1733885.23104381,1988-04-22,2025-12-15,218.64883115306557
Western Australia,Laverton (S),7432,21139006.34216449,1980-12-31,2026-02-16,2844.3227048122294
Western Australia,Collie (S),7394,1774502.11635395,1938-01-01,2026-06-05,239.9921715382675
Victoria,Mitchell (S),4818,28444.23335835432,2000-04-05,2025-05-21,5.903742913730659
Western Australia,Port Hedland (T),3917,1499361.91083281,1990-11-15,2025-10-12,382.78322972499615
Western Australia,Murray (S),3650,965089.3202201499,1938-01-01,2026-05-25,264.4080329370274
Western Australia,Donnybrook-Balingup (S),3633,852261.43339068,1938-01-01,2026-05-29,234.58888890467384
Victoria,Surf Coast (S),3618,14167.827587507385,1996-11-06,2025-06-20,3.9159280230810904
Victoria,Glenelg (S),3538,300587.2153525834,1979-02-02,2025-04-10,84.9596425530196
Victoria,Benalla (RC),3450,22631.19012941869,2000-03-28,2025-04-01,6.559765254903968
Western Australia,Menzies (S),3282,8751428.04891239,1979-12-16,2025-11-21,2666.492397596706
Western Australia,Nannup (S),3234,2091438.87982647,1938-01-01,2026-05-22,646.7034260440538
Western Australia,Wanneroo (C),3073,260546.62905125,1958-01-01,2026-06-23,84.78575628091441
Western Australia,Harvey (S),3040,844899.26013642,1938-01-01,2026-04-23,277.92738820276975
Western Australia,Mundaring (S),2786,364181.19083801,1938-01-01,2026-06-04,130.71830252620603
Victoria,Macedon Ranges (S),2773,27308.28189272402,1980-09-29,2025-05-04,9.847919903614864
Victoria,Colac-Otway (S),2541,170165.8177416289,1997-03-11,2025-06-23,66.96805105927939
Western Australia,Serpentine-Jarrahdale (S),2499,533313.94225238,1938-01-01,2026-05-27,213.41094127746297
New South Wales,Clarence Valley (A),2455,1831996.59929017,1964-11-01,2026-04-17,746.2307940082159
New South Wales,Shoalhaven (C),2340,1094541.981521,1985-07-01,2026-05-10,467.7529835559829
Western Australia,Swan (C),2316,141442.67434484,1958-01-01,2026-06-25,61.071966470138165
Western Australia,Exmouth (S),2301,1040010.251605,1978-01-01,2025-06-16,451.98185641242935
Western Australia,Kalamunda (S),2162,324497.94707803003,1938-01-01,2026-06-25,150.09155739039318
Western Australia,Bridgetown-Greenbushes (S),2122,692182.76820692,1938-01-01,2026-05-25,326.1935759693308
Western Australia,Armadale (C),1995,455569.5965386,1938-01-01,2026-05-18,228.35568748802004
Victoria,Yarriambiack (S),1848,23166.692062076676,1982-12-07,2025-05-12,12.53608877818002
Western Australia,Boddington (S),1746,950042.2114765301,1938-01-01,2026-05-26,544.1249779361569
Victoria,Indigo (S),1687,25740.418413079275,1997-05-14,2025-04-23,15.25810220099542
Western Australia,Ngaanyatjarraku (S),1681,4029097.8322887523,1994-11-18,2025-12-17,2396.8458252758787
Victoria,Unincorporated Vic,1566,5420.967247635564,1996-12-30,2025-02-03,3.4616649090903984
New South Wales,Eurobodalla (A),1558,1057533.81363541,1983-07-01,2026-05-12,678.7765170958986
Western Australia,Augusta-Margaret River (S),1481,652436.05020349,1948-01-01,2026-05-29,440.53750857764345
Western Australia,Busselton (S),1436,414490.86938047,1938-01-01,2026-05-12,288.64266669949166
New South Wales,Singleton (A),1367,782357.7818339,1991-03-16,2026-04-11,572.3173239457938
Western Australia,Waroona (S),1346,495801.81719211,1938-01-01,2026-05-05,368.3520187162779
Queensland,Cook (S),1312,27380811.66631687,1986-09-01,2026-07-07,20869.52108713176
New South Wales,Blue Mountains (C),1303,301246.72260487,1957-11-01,2026-04-30,231.1947218763392
New South Wales,Gosford (C),1288,142593.59122872,1957-05-13,2026-04-14,110.70930996018635
Victoria,Moorabool (S),1248,23669.310659944178,1983-01-08,2025-04-21,18.965793798032195
New South Wales,Bega Valley (A),1238,862163.5818450319,1984-06-06,2026-05-06,696.416463525874
Queensland,Tablelands (R),1225,15870304.99533495,1984-10-28,2026-07-14,12955.351016599958
Western Australia,Dardanup (S),1207,255126.08461557,1938-01-01,2026-05-08,211.37206679003313
Victoria,Nillumbik (S),1202,12299.030491284182,1997-04-16,2025-02-23,10.23213851188368
Western Australia,Carnarvon (S),1199,1897187.89776577,1983-01-01,2025-02-28,1582.30850522583
Victoria,Whittlesea (C),1183,4364.1991351737715,2003-04-23,2025-03-12,3.689094788819756
South Australia,Unincorporated SA,1181,5070386.27569558,1954-11-23,2026-04-21,4293.299132680423
Victoria,South Gippsland (S),1180,25202.06277336969,1994-03-03,2025-05-22,21.357680316414992
Victoria,Hepburn (S),1156,24312.33453513855,1977-02-12,2025-04-13,21.031431258770372
Western Australia,Gingin (S),1137,406967.45279789,1961-01-01,2026-06-09,357.93091714854
Victoria,Pyrenees (S),1089,14077.688166077136,1997-10-13,2025-05-15,12.927170033128682
Queensland,Sunshine Coast (R),1055,171394.66921819,1950-01-01,2026-06-04,162.45940210254977
New South Wales,Hawkesbury (C),1033,597618.56598002,1976-12-04,2026-05-03,578.5271693901452
Queensland,Western Downs (R),1032,2034994.6444685599,1930-11-01,2026-07-06,1971.8940353377518
Victoria,Northern Grampians (S),1025,68287.61848532487,1996-10-16,2025-04-13,66.6220668149511
Victoria,Golden Plains (S),1005,75837.92721039294,1997-10-24,2025-05-26,75.46062408994322
New South Wales,Great Lakes (A),1005,355410.49106699,1899-12-30,2026-02-24,353.6422796686468
Western Australia,Wandering (S),943,978250.3686819,1938-01-01,2026-05-10,1037.3810908609755
Queensland,Fraser Coast (R),912,1068171.9546108,1960-01-01,2026-07-16,1171.2411783013156
Western Australia,Denmark (S),892,651899.63228761,1955-01-01,2026-05-10,730.829184178935
Tasmania,West Coast (M),879,901640.53122109,,,1025.7571458715472
South Australia,Anangu Pitjantjatjara (AC),871,18667472.10493805,1972-12-31,2022-01-09,21432.229741605108
Victoria,Cardinia (S),861,9104.719046257993,1997-03-20,2025-05-11,10.574586581019735
Tasmania,Central Highlands (M),850,329541.15939313,,,387.69548163897645
New South Wales,Sutherland Shire (A),848,73753.4548874,1964-12-18,2026-05-09,86.97341378231133
South Australia,Kangaroo Island (DC),845,595068.33523546,1931-12-31,2026-05-01,704.2228819354556
Western Australia,Esperance (S),843,3860613.78804482,1945-01-01,2026-04-21,4579.613034454116
Western Australia,Wyndham-East Kimberley (S),829,36141532.22129235,2007-07-05,2026-06-08,43596.540677071585
New South Wales,Tenterfield (A),827,812024.72835557,1899-12-30,2026-06-24,981.8920536343047
Queensland,North Burnett (R),786,1219405.58081683,1974-08-09,2026-06-19,1551.4065913700128
Western Australia,Boyup Brook (S),778,454935.98889469,1940-01-01,2026-05-13,584.7506283993445
Tasmania,Glamorgan/Spring Bay (M),749,121558.21698493,,,162.29401466612816
Queensland,Central Highlands (R),748,3907510.8697186,1972-10-31,2026-06-25,5223.945012992781
New South Wales,Mid-Western Regional (A),735,158541.20717983,2000-01-16,2026-01-31,215.70232269364627
Tasmania,Break O'Day (M),728,155195.72448224,,,213.18094022285715
Victoria,Greater Bendigo (C),722,13631.85201366126,1999-12-09,2025-05-04,18.880681459364627
New South Wales,Hornsby (A),705,53042.18238039,1994-01-03,2026-04-28,75.23713812821276
Victoria,Latrobe (C),702,32635.32476958626,2006-12-01,2025-02-23,46.48906662334225
New South Wales,Wollondilly (A),701,404953.92571259,1962-07-05,2026-04-13,577.6803505172468
New South Wales,Kyogle (A),685,108448.17772659,1977-10-09,2026-04-22,158.3185076300584
New South Wales,Warrumbungle Shire (A),682,390657.18004132,2001-11-18,2026-06-25,572.811114430088
South Australia,Adelaide Hills (DC),681,38234.20161764,1951-12-31,2026-06-12,56.14420208170338
New South Wales,Lithgow (C),660,1007519.6778047,1899-12-30,2026-04-19,1526.5449663707575
Queensland,Townsville (C),658,377320.67035621003,1984-02-22,2026-07-18,573.4356692343617
Western Australia,Albany (C),657,123789.88992855001,1979-01-01,2026-05-19,188.4168796477169
Western Australia,York (S),645,492573.79476951,1938-01-01,2026-04-04,763.6803019682326
Queensland,Somerset (R),643,275913.15081406,1982-01-01,2026-06-03,429.1028784044479
New South Wales,Wingecarribee (A),642,233366.48202978,1964-08-21,2026-05-01,363.4991931928037
Western Australia,Dandaragan (S),635,654419.18271233,1972-01-01,2026-05-19,1030.5813900981575
New South Wales,Wollongong (C),631,65754.7531207,1964-07-25,2025-09-27,104.207215722187
Victoria,Southern Grampians (S),613,64294.9740980753,2000-05-11,2025-03-26,104.885765249715
Victoria,Moyne (S),592,48776.210327582194,2000-04-27,2025-05-19,82.39224717496992
New South Wales,Wyong (A),591,41145.55656935,1955-10-16,2026-04-28,69.6202310818105
Tasmania,Launceston (C),581,13000.52972625,,,22.3761268954389
New South Wales,Kempsey (A),578,250349.76475559,1899-12-30,2026-03-27,433.1310808920242
New South Wales,Port Macquarie-Hastings (A),576,191546.61245242998,1997-08-20,2026-04-18,332.54620217435763
Queensland,Gladstone (R),575,824886.68252747,1991-10-14,2026-07-13,1434.5855348303828
Tasmania,Dorset (M),572,46888.33423796,,,81.97261230412587
Tasmania,Northern Midlands (M),570,31030.5613807,,,54.439581369649126
Western Australia,Kalgoorlie/Boulder (C),568,4262463.56476389,1973-12-23,2024-11-14,7504.337261908257
New South Wales,Glen Innes Severn (A),560,355590.57183676,1951-11-16,2025-11-28,634.9831639942142
Tasmania,Circular Head (M),557,370635.34994303,,,665.41355465535
Queensland,Moreton Bay (R),557,55707.90807058,1981-07-09,2026-07-14,100.01419761324955
New South Wales,Richmond Valley (A),556,328023.02024757,1977-09-23,2026-06-05,589.9694608769245
Queensland,Bundaberg (R),548,390355.4750565,1972-08-09,2026-07-03,712.3275092271898
Victoria,Loddon (S),544,30604.266292537282,1996-10-30,2025-05-13,56.257842449517064
New South Wales,Cessnock (C),542,201680.17740275,1956-11-30,2025-12-08,372.1036483445572
Western Australia,Beverley (S),535,432125.70060018,1938-01-01,2026-05-09,807.7115899068785
Queensland,Scenic Rim (R),534,227958.15709753,1970-01-01,2026-06-07,426.88793463956927
Northern Territory,Barkly (S),528,719478.2446996557,2009-11-08,2025-07-16,1362.6481907190448
New South Wales,Snowy River (A),527,252257.73313862144,1969-01-01,2026-05-16,478.6674253104771
Victoria,Ballarat (C),526,6587.7524929128795,1977-02-12,2025-03-15,12.524244283104334
Western Australia,Ravensthorpe (S),519,1056987.09136724,1968-12-01,2026-04-23,2036.5839910736802
Tasmania,Huon Valley (M),517,238181.61726015,,,460.69945311441006
Western Australia,Jerramungup (S),512,222627.52985956,1947-01-01,2025-12-13,434.8193942569531
Queensland,Southern Downs (R),500,229298.75574146,1950-09-01,2026-06-07,458.59751148291997
Victoria,Mount Alexander (S),499,35511.69843543589,2000-04-04,2025-04-14,71.16572832752682
Queensland,Gympie (R),499,570996.98912286,1964-01-01,2026-07-14,1144.2825433323849
New South Wales,Palerang (A),498,203471.19141547,1972-12-23,2026-04-19,408.5766895892972
Western Australia,Capel (S),481,74578.29893795,1940-01-01,2026-05-26,155.0484385404366
New South Wales,Tumbarumba (A),474,403112.5470723396,1972-04-01,2026-05-02,850.4484115450203
Western Australia,Plantagenet (S),473,716414.59468773,1958-01-01,2026-04-13,1514.6185934201478
Western Australia,Meekatharra (S),469,613521.99443882,1997-11-27,2026-01-23,1308.1492418738167
New South Wales,Port Stephens (A),459,73716.69881564,1973-12-23,2026-05-01,160.60282966370372
Queensland,Banana (S),452,2443348.1608026,1982-01-01,2026-06-18,5405.637523899558
Queensland,Rockhampton (R),451,432997.58854679,1982-11-01,2026-07-14,960.0833448931043
Tasmania,Southern Midlands (M),448,51527.57199992,,,115.01690178553572
Queensland,Cassowary Coast (R),448,135090.46292271,1988-01-01,2026-07-16,301.5412118810491
New South Wales,Greater Taree (C),446,199107.68667647,1899-12-30,2026-05-09,446.42979075441707
New South Wales,Narrabri (A),444,1261568.83490088,1982-08-28,2025-12-15,2841.371249776757
New South Wales,Walcha (A),442,592375.3241961,1998-07-01,2026-04-23,1340.215665602036
Victoria,Horsham (RC),437,18909.491115718018,1977-02-04,2025-06-01,43.271146717890204
Victoria,Campaspe (S),432,6570.180967577886,2000-01-08,2025-05-22,15.208752239763625
New South Wales,Coffs Harbour (C),427,38955.1564972,1952-07-01,2026-04-14,91.22987470070257
Victoria,Ararat (RC),424,69875.88165827745,2000-02-10,2025-03-22,164.8016076846166
Victoria,Central Goldfields (S),422,60947.67303909605,1997-03-18,2025-01-05,144.42576549548826
New South Wales,Muswellbrook (A),420,369032.4953608,2000-02-18,2026-04-25,878.6487984780953
Queensland,Gold Coast (C),406,39066.34788316,1964-01-01,2026-06-05,96.22253173192118
Tasmania,Clarence (C),403,9937.77366065,,,24.659487991687346
New South Wales,Tumut Shire (A),400,731377.387654924,1971-03-01,2026-04-28,1828.4434691373099
Western Australia,Dundas (S),396,4303240.26998401,1949-01-01,2025-12-20,10866.76835854548
Tasmania,Derwent Valley (M),388,756077.4344407798,,,1948.6531815484016
New South Wales,Lake Macquarie (C),388,21388.54214053,1956-11-29,2025-12-06,55.125108609613406
South Australia,Wattle Range (DC),384,9120.986276978363,1939-12-31,2026-02-05,23.752568429631154
New South Wales,Tweed (A),379,24266.48453403,1991-01-01,2026-04-16,64.02766367817942
New South Wales,Warringah (A),377,38045.13364214,1994-01-07,2026-04-14,100.91547385183023
Victoria,Corangamite (S),373,33455.2018059896,1998-01-18,2025-03-27,89.69223004286756
Western Australia,Yilgarn (S),369,1341866.14885338,1973-12-31,2026-04-15,3636.493628328943
Queensland,Maranoa (R),356,2520716.48253082,1972-10-30,2026-06-23,7080.664276771967
Victoria,Swan Hill (RC),354,4778.361306153927,1997-11-27,2024-11-24,13.49819578009584
Victoria,Strathbogie (S),346,25222.785333634965,2000-04-09,2025-04-13,72.89822350761551
New South Wales,Cabonne (A),335,139281.81949138,1988-01-01,2026-05-15,415.766625347403
Queensland,Cairns (R),332,127852.48562133,1987-07-31,2026-07-15,385.09784825701803
Queensland,Etheridge (S),331,3059532.4040903,2001-09-12,2026-05-27,9243.300314472206
South Australia,Maralinga Tjarutja (AC),330,3343828.7307234,1962-12-31,2024-11-05,10132.814335525454
Western Australia,Rockingham (C),326,8528.85285596,1984-01-01,2026-03-15,26.162125325030676
New South Wales,Pittwater (A),325,24867.92119561,2000-05-02,2025-12-30,76.51668060187693
Western Australia,Coolgardie (S),322,1742307.7286088099,1975-07-01,2026-05-05,5410.893567108105
Tasmania,Tasman (M),315,14608.68468643,,,46.376776782317464
New South Wales,Bombala (A),314,296604.69920008566,1979-04-01,2026-05-14,944.6009528665148
Queensland,Brisbane (C),313,125318.59573448,1969-01-01,2026-07-15,400.37890011015975
New South Wales,Nambucca (A),311,96618.58758731,1992-10-06,2025-11-11,310.6706996376527
Queensland,South Burnett (R),309,252080.46859783,1985-11-18,2026-03-05,815.7943967567314
Queensland,Toowoomba (R),306,334893.02094473,1940-01-01,2026-07-18,1094.4216370742809
New South Wales,Cooma-Monaro (A),306,137900.45020272,1974-03-01,2026-04-25,450.6550660219608
Western Australia,Toodyay (S),302,261814.61079742,1961-01-01,2026-05-09,866.9357973424503
New South Wales,Guyra (A),299,285393.71723089,1899-12-30,2026-01-27,954.494037561505
Queensland,Mackay (R),298,342691.06584152003,1971-10-16,2026-07-03,1149.9700196024162
New South Wales,Bathurst Regional (A),294,45533.46152184,1899-12-30,2025-04-09,154.87571946204082
New South Wales,Armidale Dumaresq (A),293,208157.3781895,1990-07-01,2026-04-11,710.434737848123
Queensland,Hinchinbrook (S),292,208380.41448849,1986-01-01,2026-07-14,713.6315564674316
Western Australia,West Arthur (S),291,193081.34919957,1938-01-01,2026-01-04,663.5097910638144
Queensland,Goondiwindi (R),283,508346.47754357,1939-12-01,2026-06-23,1796.2773058076677
Tasmania,Flinders (M),281,135976.71812139,,,483.9029114640214
South Australia,Grant (DC),276,47313.42254543217,1956-12-31,2026-02-16,171.42544400518904
Northern Territory,Roper Gulf (S),274,655481.8839788544,2020-10-12,2025-08-10,2392.269649557863
Northern Territory,Victoria-Daly (S),263,452519.30623483466,2016-01-13,2025-11-12,1720.6057271286488
Western Australia,Williams (S),261,246427.46965878,1940-01-01,2026-02-26,944.1665504167817
New South Wales,Gloucester (A),260,85861.82884987,1968-01-01,2025-10-06,330.2378032687308
Tasmania,George Town (M),253,25494.9058746,,,100.77037895098815
Tasmania,Hobart (C),249,6571.80762081,,,26.39280169
Queensland,Whitsunday (R),249,143552.86223817,1977-12-16,2026-06-30,576.5175190287952
Northern Territory,Litchfield (M),238,24117.33439656402,2020-09-11,2025-08-10,101.33333780068916
New South Wales,Bellingen (A),238,32134.89620424,1976-07-01,2026-06-06,135.02057228672268
Queensland,Lockyer Valley (R),233,152927.32532162,1980-09-03,2026-07-14,656.3404520241202
Northern Territory,Unincorporated NT,230,53160.147911661836,2025-03-01,2025-08-04,231.13107787679058
Queensland,Isaac (R),229,642747.55624135,2002-05-19,2026-05-19,2806.7578875168124
Western Australia,Halls Creek (S),226,8752492.433062652,2007-09-28,2026-05-20,38727.842624171026
Western Australia,Derby-West Kimberley (S),225,10479667.30630457,2007-07-16,2026-06-05,46576.29913913142
Tasmania,Kingborough (M),223,18082.01106548,,,81.08525141470852
Tasmania,Meander Valley (M),222,43320.03031967,,,195.13527171022523
New South Wales,Ku-ring-gai (A),221,6583.01248894,2002-07-04,2025-09-29,29.787386827782807
Western Australia,Northam (S),213,64738.26738734,1938-01-01,2026-05-13,303.9355276400939
South Australia,Onkaparinga (C),209,3527.00695259,1955-12-31,2026-04-22,16.875631352105263
Western Australia,Northampton (S),208,267761.19416887,1985-01-01,2026-05-06,1287.3134335041827
South Australia,Southern Mallee (DC),207,371594.24100618024,1945-12-31,2025-10-17,1795.1412608994215
New South Wales,Hay (A),201,665.28024409,2006-03-04,2016-03-03,3.3098519606467662
New South Wales,Murray (A),200,8342.081346539391,1948-11-11,2026-01-26,41.71040673269695
New South Wales,Wentworth (A),199,1964396.696043112,1974-12-13,2025-05-07,9871.340181121166
New South Wales,Upper Hunter Shire (A),194,88176.50184266,2001-01-29,2025-12-11,454.5180507353608
New South Wales,Oberon (A),193,112495.43955815,1968-04-10,2025-03-19,582.8779251717616
Victoria,Bass Coast (S),190,383.03542020037906,1992-01-01,2025-01-08,2.0159758957914686
Tasmania,Waratah/Wynyard (M),188,10722.05303826,,,57.03219701202128
Western Australia,Gosnells (C),184,19964.26487498,1938-01-01,2026-01-28,108.50143953793477
Queensland,Charters Towers (R),182,1106426.25339967,1956-01-01,2026-06-22,6079.265128569615
New South Wales,Inverell (A),182,145282.77988321,1948-12-08,2026-02-04,798.2570323253296
New South Wales,Cobar (A),175,3814237.01477628,2003-04-14,2026-04-02,21795.640084435887
New South Wales,Dungog (A),172,54709.06197344,1968-01-01,2025-10-06,318.07594170604654
New South Wales,Weddin (A),168,32050.9836646,2001-12-20,2025-04-30,190.7796646702381
Western Australia,Carnamah (S),164,340642.39413925,1972-01-01,2026-05-20,2077.087769141768
Victoria,Brimbank (C),163,275.2837598086522,1997-03-19,2024-12-04,1.6888574221389705
Western Australia,Broome (S),163,7013329.89018022,2007-07-18,2026-06-25,43026.563743436935
Western Australia,Coorow (S),159,201498.61788564,1972-01-01,2026-04-19,1267.2869049411322
Tasmania,West Tamar (M),159,7515.26462048,,,47.265815223144656
Tasmania,Latrobe (M),159,4959.09806424,,,31.189296001509433
Tasmania,Kentish (M),159,4100.29149759,,,25.787996840188683
Western Australia,Cranbrook (S),158,118472.08418882,1959-01-01,2025-02-25,749.8233176507595
Western Australia,Cockburn (C),157,1660.21034744,1999-01-01,2026-02-10,10.574588200254778
South Australia,Tatiara (DC),155,119572.69526236226,1954-12-31,2024-02-07,771.4367436281436
New South Wales,Penrith (C),149,15643.44888256,1998-02-20,2025-12-17,104.98958981583893
South Australia,Lower Eyre Peninsula (DC),145,45613.285995,1956-08-31,2026-04-21,314.57438617241377
Victoria,Greater Geelong (C),143,22829.184366363985,1997-04-28,2025-01-27,159.64464591862927
South Australia,Mitcham (C),142,1232.41995215,1950-12-31,2026-04-29,8.679013747535212
Western Australia,Irwin (S),137,207827.33907080002,1972-01-01,2026-05-07,1516.9878764291973
Victoria,Manningham (C),133,932.2380032144306,1997-04-14,2025-02-18,7.009308294845343
Western Australia,Joondalup (C),132,13731.636684090001,1963-09-16,2026-01-24,104.02755063704547
Queensland,Flinders (S),132,1215498.16829646,1967-10-02,2026-04-28,9208.319456791363
South Australia,Barossa (DC),129,3551.66882353,1955-12-31,2026-04-18,27.532316461472867
New South Wales,Tamworth Regional (A),127,94920.94488382,1982-12-16,2026-04-18,747.4090148332284
Western Australia,Chittering (S),127,96918.39782993,1961-01-01,2026-05-02,763.1369907868504
Queensland,Logan (C),126,5375.65856628,1986-04-14,2026-06-06,42.66395687523809
South Australia,Alexandrina (DC),125,4428.51341244,1982-12-31,2026-05-11,35.42810729952
New South Wales,Moree Plains (A),123,29041.43013546,1985-01-31,2026-06-24,236.10918809317073
Victoria,Moira (S),122,13050.730942059046,2005-03-03,2025-04-28,106.97320444310694
Queensland,Redland (C),122,14602.13247739,1986-07-02,2026-07-14,119.68961047040983
Victoria,Mornington Peninsula (S),121,860.9225878525018,1996-12-21,2025-04-11,7.115062709524809
New South Wales,Gwydir (A),119,63072.92783322,1985-01-31,2026-01-27,530.0246036405042
South Australia,Loxton Waikerie (DC),116,76331.11429774563,1972-04-13,2025-10-07,658.0268473943589
Western Australia,Sandstone (S),112,272413.07740534,1992-09-16,2026-01-09,2432.2596196905356
Western Australia,Lake Grace (S),111,509183.37237689,1945-01-01,2026-01-16,4587.237588980991
Western Australia,Kwinana (T),110,2170.13195024,1994-01-01,2026-05-22,19.72847227490909
Victoria,Greater Shepparton (C),109,1943.499695715636,2005-03-30,2025-02-23,17.83027243775813
New South Wales,Byron (A),109,4492.74168435,1998-09-14,2026-03-28,41.2178136178899
South Australia,The Coorong (DC),107,255232.48611929,1954-12-31,2025-12-28,2385.3503375634577
Queensland,Carpentaria (S),105,4895582.09053657,2003-05-21,2026-05-27,46624.591338443526
Victoria,Frankston (C),104,274.584814904113,1997-03-27,2024-12-18,2.6402386048472404
Victoria,Hume (C),104,3473.1146743281365,1997-03-20,2025-05-08,33.39533340700131
New South Wales,Yass Valley (A),102,190541.9734264,1977-12-17,2026-04-23,1868.0585630039218
South Australia,Mount Barker (DC),95,7445.156471400001,1962-04-01,2026-02-17,78.37006812
New South Wales,Dubbo (C),93,17297.47860272,2002-06-30,2026-03-24,185.99439357763438
South Australia,Yankalilla (DC),93,10722.11773761,1980-12-31,2026-02-01,115.29158857645162
Victoria,Wodonga (RC),93,30494.485391140446,2001-05-03,2025-05-17,327.89769237785424
New South Wales,Randwick (C),91,164.91287536,1986-10-10,2026-04-27,1.8122293995604395
Western Australia,Kondinin (S),91,594345.70898835,1975-07-01,2025-12-24,6531.271527344506
Northern Territory,West Arnhem (S),90,350876.2173264105,2020-10-13,2025-08-04,3898.6246369601167
South Australia,Naracoorte and Lucindale (DC),90,23506.823040397863,1970-05-09,2026-01-09,261.18692267108736
Tasmania,Sorell (M),90,31665.40953195,,,351.83788368833336
New South Wales,Gilgandra (A),88,20837.84827734,2004-03-05,2026-04-04,236.79373042431817
Tasmania,Central Coast (M),88,770.10446198,,,8.751187067954545
Victoria,Melton (S),87,35751.30246300896,1983-02-16,2024-12-15,410.9345110690685
Western Australia,Mount Marshall (S),85,106503.92724585,1973-12-31,2025-12-16,1252.9873793629413
Tasmania,Glenorchy (C),84,204458.24255157998,,,2434.0266970426187
New South Wales,Ryde (C),84,525.94069046,2002-08-26,2025-02-24,6.261198695952381
New South Wales,Coonamble (A),83,67556.98646322,2001-11-08,2025-12-11,813.9395959424097
Queensland,Mount Isa (C),83,1475141.945786202,1998-10-20,2026-03-18,17772.794527544604
New South Wales,Goulburn Mulwaree (A),82,60571.15655645,1975-12-20,2026-04-18,738.672640932317
New South Wales,Newcastle (C),82,2336.33079024,2002-09-19,2025-11-17,28.491838905365857
New South Wales,Wakool (A),81,1428.11708008,1948-03-18,2024-11-21,17.63107506271605
New South Wales,Carrathool (A),78,101095.76084567001,1974-11-23,2026-02-06,1296.0994980214105
New South Wales,Cowra (A),78,17782.91740619,1995-11-28,2018-01-01,227.9861205921795
Victoria,Gannawarra (S),78,3219.7792651653062,1998-02-22,2025-01-21,41.279221348273154
South Australia,Playford (C),77,4270.30616124,1975-12-31,2026-04-02,55.45852157454545
Northern Territory,Coomalie (S),76,25048.202344735684,2025-01-01,2025-08-02,329.58160979915374
South Australia,Mount Remarkable (DC),75,67186.50430264001,1984-01-08,2025-11-24,895.8200573685334
New South Wales,Campbelltown (C),74,5653.4062592,1965-01-05,2026-04-13,76.39738188108109
Victoria,Wyndham (C),72,818.5095366393176,2005-04-05,2025-04-10,11.368188008879411
Western Australia,Mandurah (C),71,3376.52940682,1985-09-16,2026-05-04,47.5567522087324
South Australia,Yorke Peninsula (DC),69,28443.96018862,1956-02-22,2026-03-22,412.23130708144924
Western Australia,Canning (C),69,232.25164125,1999-01-01,2026-01-28,3.3659658152173915
New South Wales,The Hills Shire (A),69,2473.3579285,2000-04-01,2019-09-06,35.84576707971014
New South Wales,Greater Hume Shire (A),68,114141.69890939117,2003-05-12,2026-01-16,1678.5543957263408
Northern Territory,Katherine (T),68,7153.969550066932,2025-01-01,2025-07-24,105.20543455980783
Northern Territory,MacDonnell (S),66,2152880.184212339,1972-12-31,2025-07-30,32619.396730489985
South Australia,Clare and Gilbert Valleys (DC),64,4527.41309234,1996-01-18,2026-02-09,70.7408295678125
New South Wales,Bourke (A),64,48777.48201601,1998-12-26,2024-10-24,762.1481565001562
Western Australia,Brookton (S),64,48786.54633595,1956-01-01,2025-12-21,762.2897864992187
New South Wales,Upper Lachlan Shire (A),62,105825.03434938,1999-02-17,2026-04-20,1706.8553927319356
Western Australia,Gnowangerup (S),61,104597.58643785,1983-01-01,2025-12-16,1714.7145317680327
South Australia,Tea Tree Gully (C),58,2112.1392924300003,1983-02-16,2025-04-30,36.416194697068974
South Australia,Cleve (DC),57,137429.74722784,1950-01-31,2025-12-04,2411.048196979649
Western Australia,Three Springs (S),57,33186.13269038,1972-01-01,2024-11-27,582.212854217193
New South Wales,Gunnedah (A),55,16007.22091965,2004-07-02,2026-02-27,291.04038035727274
Queensland,Burke (S),55,1211183.719623919,2002-07-22,2025-10-12,22021.522174980346
South Australia,Kingston (DC),55,47208.43046381,1960-10-03,2026-01-25,858.335099342
Tasmania,Brighton (M),54,578.4001267900001,,,10.711113459074076
Queensland,Murweh (S),52,561503.02408276,1986-07-01,2026-06-04,10798.135078514615
Victoria,Buloke (S),52,5468.798866810947,2000-03-27,2025-04-18,105.16920897713361
New South Wales,Parkes (A),52,35293.44014467,2007-02-13,2026-02-05,678.7200027821153
New South Wales,Manly (A),51,487.79950008000003,1979-12-01,2023-05-29,9.564696080000001
New South Wales,Warren (A),49,33961.63592904,2006-12-28,2025-11-25,693.0946107967347
New South Wales,Kiama (A),49,6989.5246345,1995-05-01,2021-03-08,142.64335988775508
Western Australia,Dalwallinu (S),49,75780.36820957,2001-12-25,2024-11-16,1546.5381267259186
Western Australia,Chapman Valley (S),48,23510.88601211,1992-02-01,2025-12-24,489.8101252522917
South Australia,Elliston (DC),48,62372.31200784,1963-12-02,2025-12-08,1299.4231668300001
New South Wales,Blacktown (C),46,561.39537625,2009-05-02,2025-11-16,12.204247309782609
Victoria,Casey (C),46,320.7510964262604,2000-11-24,2025-06-02,6.972849922310009
Western Australia,Shark Bay (S),45,163809.84757703,1990-05-01,2025-11-11,3640.2188350451115
South Australia,Murray Bridge (RC),45,6645.85189753,1985-02-01,2026-04-24,147.6855977228889
New South Wales,Queanbeyan (C),44,19666.615869079997,1973-12-26,2025-04-03,446.96854247909084
New South Wales,Bankstown (C),43,384.48269686,1985-03-16,2024-09-11,8.941458066511627
Victoria,Knox (C),43,1844.6562370811107,1997-09-24,2025-04-15,42.89898225770025
Queensland,Barcaldine (R),42,212940.36299871,1992-11-01,2026-04-28,5070.0086428264285
South Australia,Light (RegC),41,1247.70512715,2010-01-21,2025-12-14,30.431832369512193
New South Wales,Walgett (A),40,34090.471472619996,2001-12-20,2026-03-20,852.2617868154999
Western Australia,Cuballing (S),39,1921.14985737,1998-01-01,2026-05-18,49.26025275307693
New South Wales,Liverpool (C),38,21589.75243618,1997-12-01,2025-02-21,568.1513798994737
South Australia,Karoonda East Murray (DC),38,4149.3837868499995,1975-02-16,2026-04-16,109.19431018026314
New South Wales,Leeton (A),37,178.36180753,2005-01-16,2026-04-24,4.820589392702702
South Australia,Goyder (DC),37,8474.802370309999,2002-09-19,2026-01-29,229.04871271108104
Tasmania,Burnie (C),35,932.05935316,,,26.630267233142856
Western Australia,Kent (S),35,16421.85324357,2001-01-01,2025-12-15,469.1958069591428
South Australia,Wakefield (DC),33,3533.40196948,2009-11-09,2025-03-09,107.07278695393939
Tasmania,Devonport (C),33,471.94259708000004,,,14.301290820606061
Western Australia,Wongan-Ballidu (S),33,4236.29657284,1960-01-01,2024-12-23,128.37262341939396
New South Wales,Lismore (C),33,12155.54399663,2000-09-06,2025-10-22,368.34981807969695
Western Australia,Mullewa (S),32,20885.96099928,1992-02-01,2025-12-16,652.6862812275
Western Australia,Geraldton-Greenough (C),32,14505.83639808,1992-07-01,2026-03-16,453.30738744
New South Wales,Unincorporated NSW,32,134733.75708193,1984-12-01,2023-09-21,4210.429908810313
Western Australia,Narrogin (S),31,19708.749659579997,1998-01-01,2025-12-23,635.7661180509676
South Australia,Mid Murray (DC),31,33711.946067560006,1995-12-29,2026-01-29,1087.482131211613
Western Australia,Moora (S),31,12170.57273526,1983-01-01,2025-02-27,392.59912049225807
South Australia,Campbelltown (C),30,111.61274642,1976-12-31,2020-10-15,3.7204248806666667
New South Wales,Murrumbidgee (A),29,181365.48816859,1990-11-21,2025-11-10,6253.982350641035
South Australia,Berri and Barmera (DC),29,1714.75697958,1956-08-27,2026-01-29,59.12955102
South Australia,Franklin Harbour (DC),29,37723.60225014,1972-12-31,2024-10-24,1300.8138706944828
Western Australia,Pingelly (S),28,1867.43465352,2004-05-05,2023-12-20,66.69409476857143
New South Wales,Mosman (A),28,64.71111317,1985-03-01,2025-12-01,2.3111111846428574
New South Wales,Liverpool Plains (A),28,4180.04902757,2002-07-02,2026-02-01,149.28746527035716
Queensland,Burdekin (S),28,13316.020713869999,2002-06-08,2024-12-18,475.57216835249994
South Australia,Northern Areas (DC),28,6016.58953594,2006-01-20,2025-12-16,214.87819771214285
Western Australia,Upper Gascoyne (S),27,58781.59555208,2000-01-01,2026-04-24,2177.0961315585187
South Australia,Tumby Bay (DC),27,10570.57323276,1953-12-11,2026-03-24,391.5027123244444
South Australia,Robe (DC),27,3884.65051431,1973-12-31,2025-05-12,143.87594497444445
New South Wales,Central Darling (A),26,2917.8339766100003,2006-01-17,2026-01-29,112.22438371576924
Western Australia,Yalgoo (S),26,130938.39286682001,1992-09-16,2026-01-09,5036.092033339231
South Australia,Salisbury (C),26,121.10384811,1995-12-29,2026-01-21,4.657840311923077
New South Wales,Berrigan (A),25,855.73816726,1981-01-02,2026-01-01,34.2295266904
South Australia,Wudinna (DC),25,42681.28346389,1972-12-23,2023-12-28,1707.2513385556001
Western Australia,Bunbury (C),25,472.91036055999996,1996-01-01,2025-12-01,18.9164144224
South Australia,Marion (C),24,271.33937741,2005-01-11,2025-05-14,11.305807392083333
South Australia,Victor Harbor (C),23,654.76206184,1981-01-13,2025-10-13,28.467915732173914
New South Wales,Corowa Shire (A),23,130.59671765,1985-01-02,2026-04-19,5.678118158695652
Western Australia,Perenjori (S),23,49150.57868862,1991-09-16,2025-01-31,2136.981682113913
Western Australia,Westonia (S),23,39708.879814880005,1991-09-01,2026-02-20,1726.4730354295655
New South Wales,Fairfield (C),23,92.74355013,2002-09-08,2013-12-31,4.0323282665217395
New South Wales,Uralla (A),23,8124.77198529,2005-08-16,2023-01-28,353.2509558821739
South Australia,Kimba (DC),22,53137.13594627,1972-12-23,2025-12-03,2415.3243611940907
Queensland,Diamantina (S),21,2053919.1174013999,2010-10-19,2026-06-03,97805.67225720952
Queensland,Ipswich (C),21,3922.05733824,1997-12-31,2003-01-26,186.7646351542857
Western Australia,Victoria Plains (S),21,26020.4712971,1962-01-01,2026-01-15,1239.0700617666666
New South Wales,Ballina (A),21,3171.1104158,2002-12-14,2024-03-10,151.0052578952381
South Australia,Streaky Bay (DC),20,26649.17521927,1972-12-31,2025-11-26,1332.4587609635
New South Wales,Wagga Wagga (C),20,10357.74266803,2006-02-19,2024-02-29,517.8871334015
Tasmania,King Island (M),19,19049.00423311,,,1002.5791701636842
New South Wales,Wellington (A),19,2502.34783151,2006-01-27,2026-03-31,131.70251744789473
New South Wales,Balranald (A),19,55739.967574559996,2005-11-28,2022-01-22,2933.6825039242103
South Australia,Mallala (DC),18,162.71306465,2017-11-13,2025-12-21,9.039614702777778
New South Wales,Brewarrina (A),18,14199.32096719,2005-12-06,2023-11-16,788.8511648438889
Queensland,Blackall Tambo (R),18,664189.75366781,2004-08-10,2024-11-02,36899.43075932278
Northern Territory,Central Desert (S),17,32582.52453339529,2025-01-13,2025-07-23,1916.6190901997231
New South Wales,Shellharbour (C),17,2359.64601983,2000-08-29,2025-10-18,138.80270704882355
Western Australia,Mukinbudin (S),17,34373.75820438,1973-12-31,2026-05-22,2021.9857767282354
Victoria,Hobsons Bay (C),16,42.05834079387543,2007-04-07,2025-01-26,2.6286462996172144
Northern Territory,East Arnhem (S),16,81185.79263024901,2020-10-12,2025-08-04,5074.112039390563
New South Wales,Narromine (A),15,4769.0214508,2006-09-09,2026-02-22,317.93476338666665
South Australia,Port Pirie City and Dists (M),15,10957.38670558,1960-01-08,2025-11-26,730.4924470386667
South Australia,Ceduna (DC),15,18363.34970104,1972-12-31,2013-11-30,1224.2233134026667
Western Australia,Stirling (C),15,288.72977555,1990-01-01,2026-05-04,19.248651703333334
Northern Territory,Darwin (C),14,94.6332142092855,2025-06-01,2025-06-27,6.75951530066325
Northern Territory,Tiwi Islands (S),14,31433.173389368,2025-05-01,2025-08-04,2245.226670669143
Queensland,Winton (S),14,26033.1888735,2009-11-18,2026-02-02,1859.5134909642857
Queensland,Longreach (R),14,1043.83313636,2000-07-12,2020-07-16,74.55950974
Queensland,Croydon (S),14,580509.9948167,2016-10-20,2025-11-04,41464.99962976429
South Australia,Barunga West (DC),14,1212.78378618,2018-03-27,2025-12-11,86.62741329857144
South Australia,Burnside (C),13,56.46194133,1983-02-16,2023-02-12,4.343226256153846
Queensland,Barcoo (S),12,12080.392470499999,2010-05-19,2024-05-09,1006.6993725416665
Queensland,Balonne (S),12,9481.90836322,2023-02-03,2026-06-17,790.1590302683334
Western Australia,Dumbleyung (S),11,645.24437145,2011-12-05,2025-01-24,58.658579222727276
Western Australia,Tammin (S),11,576.0784706,2015-05-07,2025-11-23,52.37077005454545
South Australia,Mount Gambier (C),11,131.64164564,1958-12-31,2022-01-25,11.967422330909091
New South Wales,Temora (A),10,4035.8258029300005,1985-01-15,2026-04-08,403.58258029300003
New South Wales,Woollahra (A),10,4.3035945799999995,2003-06-19,2025-11-13,0.430359458
Queensland,Cherbourg (S),10,8261.31785963,2004-06-14,2025-09-29,826.1317859630001
New South Wales,Blayney (A),10,422.55333128,1997-04-02,2009-04-06,42.255333128000004
Western Australia,Wagin (S),10,7226.41783277,2008-02-23,2025-12-01,722.6417832770001
Western Australia,Kulin (S),10,4885.7043195999995,2005-11-18,2026-01-18,488.57043195999995
New South Wales,Deniliquin (A),10,290.47100417999997,1976-12-11,2024-05-04,29.047100417999996
New South Wales,Lachlan (A),10,3778.2333006100002,2005-12-26,2026-04-17,377.82333006100004
Western Australia,Bruce Rock (S),9,1472.1210300500002,2012-05-24,2025-11-13,163.5690033388889
New South Wales,Camden (A),9,107.38148518,2006-07-11,2024-03-10,11.931276131111112
Western Australia,Quairading (S),9,194.55293198,2012-04-05,2026-01-16,21.616992442222223
New South Wales,Gundagai (A),9,27891.670894970004,2003-02-01,2024-11-13,3099.074543885556
Western Australia,Murchison (S),9,50612.873077849996,1989-07-01,2015-11-28,5623.652564205555
Queensland,Torres (S),9,764.29903106,2016-11-16,2026-06-08,84.92211456222222
New South Wales,Canterbury (C),8,10.218117419999999,2004-10-16,2026-04-26,1.2772646774999998
Victoria,Darebin (C),8,17.221917189087854,2003-03-12,2023-11-17,2.1527396486359818
Western Australia,Kellerberrin (S),8,574.17452413,2014-05-14,2025-12-03,71.77181551625
New South Wales,Lockhart (A),8,732.30200315,2006-12-11,2025-11-26,91.53775039375
Western Australia,Narrogin (T),8,38.919184730000005,1998-01-01,2023-12-29,4.864898091250001
Western Australia,Kojonup (S),8,629.89967792,2008-05-07,2025-05-01,78.73745974
New South Wales,Griffith (C),8,21.61248126,2006-09-30,2016-01-20,2.7015601575
New South Wales,Young (A),8,1529.62444728,2004-02-12,2023-02-24,191.20305591
South Australia,Flinders Ranges (DC),8,2805.8479736,1985-12-31,2024-10-17,350.7309967
New South Wales,Narrandera (A),7,1380.58680865,2006-12-08,2020-12-11,197.22668695
Queensland,Bulloo (S),7,456390.97791729,2011-12-01,2024-08-26,65198.711131041426
South Australia,Gawler (T),7,44.51188105,2010-02-10,2026-02-20,6.35884015
New South Wales,Bland (A),7,1274.8042562400003,2005-12-12,2016-04-23,182.11489374857146
New South Wales,Orange (C),7,92.01311407,2001-10-18,2009-05-14,13.144730581428572
Western Australia,Wickepin (S),6,192.38224734,2011-05-19,2026-03-21,32.063707889999996
South Australia,Renmark Paringa (DC),6,211.9655445,2010-10-18,2025-10-30,35.32759075
Western Australia,Goomalling (S),5,429.68414925999997,2022-11-22,2025-12-03,85.93682985199999
Western Australia,Merredin (S),5,216.50293235,2004-01-18,2017-04-30,43.30058647
New South Wales,Conargo (A),5,92408.63537008999,1953-03-09,2017-12-31,18481.727074018
Western Australia,Trayning (S),5,332.36394167,2019-03-17,2023-01-09,66.472788334
Western Australia,Katanning (S),5,4644.60212467,2005-12-22,2025-01-24,928.920424934
Western Australia,Dowerin (S),5,580.13446954,2010-11-21,2026-05-06,116.026893908
New South Wales,Forbes (A),4,3607.4242355,2006-11-27,2026-02-01,901.856058875
New South Wales,Hurstville (C),4,10.9576224,1999-10-31,2015-10-09,2.7394056
New South Wales,Willoughby (C),4,48.45048998,2005-10-21,2005-10-21,12.112622495
Northern Territory,Palmerston (C),4,1179.199728604,2025-06-02,2025-07-12,294.799932151
Western Australia,Mingenew (S),4,736.9238565500001,2019-03-26,2026-01-19,184.23096413750002
Western Australia,Mount Magnet (S),4,26926.21398637,1990-09-16,2012-11-16,6731.5534965925
New South Wales,Jerilderie (A),4,4963.6990203899995,1990-01-03,2016-05-05,1240.9247550974999
New South Wales,Junee (A),4,59236.14165538,2006-01-16,2009-12-05,14809.035413845
Western Australia,Wyalkatchem (S),4,65.11023797,2010-05-19,2023-12-16,16.2775594925
New South Wales,Auburn (C),4,8.57862592,2018-04-05,2024-03-06,2.14465648
Victoria,Maroondah (C),4,1.375193776123983,2022-04-08,2025-04-02,0.34379844403099574
Victoria,Melbourne (C),4,2.0534113468740838,2010-10-21,2024-12-16,0.5133528367185209
Western Australia,Subiaco (C),3,0.74615164,2017-11-20,2025-12-27,0.24871721333333333
Western Australia,Perth (C),3,54.39377169,2009-01-16,2018-01-30,18.13125723
New South Wales,Cootamundra (A),3,5.30218129,2007-02-09,2025-12-31,1.7673937633333334
Western Australia,South Perth (C),3,4.09388741,2010-11-03,2010-11-03,1.3646291366666665
Western Australia,Broomehill-Tambellup (S),3,302.51037222,2022-12-08,2024-12-03,100.83679074000001
New South Wales,Bogan (A),3,72.57037499,2003-03-01,2010-03-29,24.19012499666667
Northern Territory,Wagait (S),3,48.637058177050996,2025-06-09,2025-06-09,16.212352725683665
Queensland,Lockhart River (S),3,136044.85852694002,1999-01-01,2016-10-21,45348.286175646674
Victoria,Kingston (C),3,7.593670570653998,2011-12-07,2024-03-11,2.5312235235513327
Western Australia,Cunderdin (S),3,972.88266589,2023-11-21,2025-11-12,324.2942219633333
Western Australia,Koorda (S),3,42.773651969999996,2021-12-09,2023-04-17,14.257883989999998
Queensland,Boulia (S),3,166440.57594634802,2000-01-01,2024-12-31,55480.191982116005
Western Australia,Leonora (S),3,35508.47297974,2015-10-25,2019-12-16,11836.157659913333
Western Australia,Belmont (C),2,0.19898651,2017-01-29,2017-03-02,0.099493255
Victoria,Moonee Valley (C),2,6.672966417480572,,,3.336483208740286
Victoria,Greater Dandenong (C),2,40.25992495258556,2019-04-08,2025-02-13,20.12996247629278
South Australia,Port Lincoln (C),2,234.39064567,2009-01-13,2023-03-06,117.195322835
Western Australia,Cambridge (T),2,80.3573545,2000-09-16,2016-04-24,40.17867725
Western Australia,Woodanilling (S),2,121.99360739000001,2023-11-24,2023-12-04,60.996803695000004
Queensland,Aurukun (S),2,75213.4607404,2008-11-11,2009-06-15,37606.7303702
Northern Territory,Alice Springs (T),2,72.83333409,2025-01-28,2025-06-21,36.416667045
Western Australia,Morawa (S),2,26.776024789999997,2015-12-17,2018-01-03,13.388012394999999
Western Australia,Narembeen (S),2,56.88452754,2013-11-05,2013-11-05,28.44226377
Western Australia,Melville (C),2,2.08881039,2012-04-11,2025-04-12,1.044405195
Western Australia,Corrigin (S),2,44275.48805481,2022-02-06,2023-10-17,22137.744027405
South Australia,Port Augusta (C),2,37.27419461,2002-10-22,2025-11-21,18.637097305
Queensland,Richmond (S),2,49304.4385562,2018-12-09,2020-11-19,24652.2192781
South Australia,Orroroo/Carrieton (DC),2,187.47991301000002,2016-11-16,2023-12-07,93.73995650500001
South Australia,Copper Coast (DC),2,51.21754687000001,2013-01-17,2017-11-14,25.608773435000003
Queensland,Yarrabah (S),2,543.4360958,2014-07-17,2025-07-03,271.7180479
Queensland,Quilpie (S),1,47.94534034,2012-05-10,2012-05-10,47.94534034
Queensland,Cloncurry (S),1,1231.01544484,1999-10-15,1999-10-15,1231.01544484
Queensland,Hope Vale (S),1,985.68866601,2025-09-02,2025-09-02,985.68866601
South Australia,Whyalla (C),1,1.71202663,2024-03-10,2024-03-10,1.71202663
Victoria,Maribyrnong (C),1,26.199701026011358,2022-01-01,2022-01-01,26.199701026011358
Victoria,Queenscliffe (B),1,0.987204731128189,,,0.987204731128189
Western Australia,Bayswater (C),1,0.37277958,2009-11-27,2009-11-27,0.37277958
Victoria,Banyule (C),1,0.007971231982608,2025-01-27,2025-01-27,0.007971231982608
Victoria,Monash (C),1,11.978951480141257,2013-04-09,2013-04-09,11.978951480141257
Victoria,Warrnambool (C),1,2.622176756257669,2000-02-10,2000-02-10,2.622176756257669
Northern Territory,Belyuen (S),1,0.144277959886,2025-07-10,2025-07-10,0.144277959886
New South Wales,Lane Cove (A),1,0.75140521,,,0.75140521
Western Australia,Nedlands (C),1,24.23518906,2002-01-01,2002-01-01,24.23518906
Western Australia,Nungarin (S),1,99.54200888,2010-01-09,2010-01-09,99.54200888
New South Wales,Urana (A),1,1305.90415246,2004-12-20,2004-12-20,1305.90415246
Western Australia,Victoria Park (T),1,2.34699077,2013-03-15,2013-03-15,2.34699077
