ADM1_NAME,ADM2_NAME,1982,1983,1984,1985,1986,1987,1988,1989,1990,1991,1992,1993,1994,1995,1996,1997,1998,1999,2000,2001,2002,2003,2004,2005,2006,2007,2008,2009,2010,2011,2012,2013,2014,2015,2016,2017,2018,2019,2020,2021,2022
South Australia,Anangu Pitjantjatjara (AC),0.20774384,0.20176324,0.20203301,0.18161318,0.18252628,0.19213924,0.20023179,0.21879722,0.1913175,0.18129358,0.20615709,0.20048538,0.20330508,0.19887069,0.19596761,0.2045439,0.218686,0.20670691,0.22595046,0.21532378,0.22157182,0.19225526,0.21590486,0.18591294,0.19794562,0.1950227,0.18292432,0.19937623,0.20365897,0.22503582,0.20106728,0.1990982,0.1982051,0.17680727,0.20458865,0.22174613,0.20106705,0.18204665,0.17467225,0.20793393,0.2144439
South Australia,Maralinga Tjarutja (AC),0.19961531,0.21577922,0.19740306,0.18738677,0.18979868,0.1943221,0.19817355,0.21957868,0.1987408,0.19479325,0.20922595,0.20930342,0.20678008,0.20919634,0.20621805,0.19954455,0.22535165,0.2003749,0.20697641,0.2118497,0.21007857,0.20574999,0.22384846,0.19585979,0.2108215,0.20524307,0.18859363,0.1860106,0.20361319,0.24653825,0.20569478,0.19714999,0.21877526,0.19647217,0.21198775,0.23277588,0.2202633,0.19380102,0.19284904,0.20527749,0.2066864
South Australia,Unincorporated SA,0.15575005,0.16126373,0.1739696,0.15476482,0.15938158,0.167099,0.16973254,0.19009255,0.16923542,0.15885651,0.17223823,0.17784572,0.16896191,0.17228049,0.16801749,0.17487706,0.176528,0.1596494,0.17355418,0.1737146,0.16133948,0.1638599,0.16602255,0.15807708,0.15826838,0.16267629,0.14858624,0.15128386,0.1869091,0.20292006,0.17930076,0.16688545,0.17562787,0.1679641,0.1875408,0.1779859,0.15860027,0.14950858,0.15635602,0.16489871,0.18287513
Western Australia,Northam (S),0.4031143,0.39956877,0.43379796,0.3773664,0.42080778,0.40916017,0.4159659,0.40484455,0.42553142,0.41519207,0.44432068,0.41597542,0.38174248,0.42783073,0.4132943,0.4317311,0.40898728,0.44885418,0.40246016,0.39448974,0.40411627,0.44279993,0.4197206,0.45138183,0.37174153,0.40210935,0.4301524,0.4038105,0.36601588,0.40172362,0.39847773,0.4214749,0.42540574,0.40019146,0.47550485,0.40248844,0.4285046,0.38251454,0.39527252,0.45611113,0.4453286
Northern Territory,Barkly (S),0.2446629,0.24315152,0.25883952,0.20820534,0.2058149,0.23317523,0.21578853,0.2214458,0.20956314,0.2510838,0.20588228,0.25361207,0.22536616,0.24013257,0.2348802,0.2583354,0.22883864,0.24379969,0.2934388,0.29673648,0.24754295,0.24446084,0.255477,0.20728184,0.2746606,0.25238213,0.20308717,0.24777912,0.26945508,0.32367694,0.26748288,0.22024098,0.25229105,0.24958043,0.25073263,0.29037145,0.23466088,0.19628493,0.2227509,0.23827091,0.23020287
Northern Territory,Roper Gulf (S),0.3652731,0.3566462,0.37675747,0.36539277,0.33295327,0.36602408,0.34815067,0.36685663,0.32247165,0.35713798,0.33174267,0.36007294,0.35790378,0.36708465,0.3679719,0.36540338,0.3740134,0.3919331,0.4123703,0.4080642,0.34861842,0.3618458,0.3898537,0.35210904,0.39591327,0.37662965,0.37122828,0.37933984,0.40807468,0.42910716,0.38918006,0.36475992,0.38768792,0.36702108,0.37674803,0.4155239,0.39106688,0.34230405,0.35620782,0.40629724,0.36013186
Northern Territory,Victoria-Daly (S),0.34793928,0.33841494,0.34699178,0.32998863,0.31792718,0.3397978,0.32440406,0.33536223,0.31102997,0.3329558,0.30091366,0.3385815,0.33739233,0.35533902,0.34378776,0.3493921,0.33496755,0.3601328,0.38224366,0.37497815,0.3372649,0.32084614,0.3647061,0.33286244,0.3673712,0.35091308,0.33641106,0.34409207,0.36186677,0.39740553,0.35849497,0.33453706,0.3609594,0.3423279,0.34090897,0.38751087,0.349493,0.29663718,0.3201382,0.36129797,0.33137104
Northern Territory,Unincorporated NT,0.46414614,0.48898527,0.48195657,0.47971413,0.4914607,0.47335336,0.48951405,0.48790795,0.4811482,0.47460532,0.46776316,0.4763017,0.47414076,0.50336665,0.49507082,0.48288703,0.5031957,0.50782317,0.49796417,0.49946278,0.4695607,0.46915814,0.49224406,0.48489195,0.49869448,0.5006368,0.48275968,0.47364292,0.53142786,0.5055076,0.49688706,0.50301254,0.4860615,0.48190528,0.50371057,0.5172815,0.5048606,0.4867031,0.50599253,0.5222866,0.5283396
Western Australia,Albany (C),0.5371569,0.5259404,0.5356633,0.53988403,0.5458811,0.5090878,0.53497267,0.54498917,0.5640984,0.52427506,0.55922633,0.57096434,0.50797445,0.5281435,0.52554184,0.55845344,0.5628801,0.5471396,0.53998953,0.5077843,0.54081136,0.57455695,0.5366875,0.5818295,0.5584233,0.53656435,0.5519551,0.5528716,0.5398284,0.5474838,0.5393569,0.58072054,0.5271582,0.5410092,0.56650364,0.5688447,0.5114013,0.5237296,0.5125465,0.5768612,0.57889557
Western Australia,Armadale (C),0.5842963,0.56560606,0.5863632,0.5752333,0.58884627,0.5817019,0.58152014,0.5750756,0.59570235,0.58140516,0.59309393,0.5835878,0.55639917,0.57314754,0.58319503,0.5901295,0.5758292,0.58532226,0.590638,0.5815525,0.57496196,0.5927032,0.5877379,0.58094865,0.5869508,0.5771071,0.61427706,0.58486986,0.58315593,0.5604047,0.6174862,0.5925717,0.59837127,0.57391894,0.5712371,0.60205775,0.61218554,0.60032266,0.5925654,0.61744636,0.59515756
Western Australia,Ashburton (S),0.20402946,0.1775448,0.22381233,0.18736166,0.18138395,0.19148354,0.20501769,0.20639183,0.1843498,0.17905459,0.20193553,0.21378554,0.19831012,0.24584603,0.2099678,0.22249658,0.21098933,0.2479016,0.26182312,0.21409269,0.18789183,0.17806897,0.20377398,0.18648946,0.2572811,0.1891933,0.20670347,0.20617461,0.16192263,0.21923894,0.19734631,0.20508952,0.20159444,0.22524585,0.19529714,0.22125372,0.20429079,0.16800612,0.18129651,0.21745187,0.21378759
Western Australia,Augusta-Margaret River (S),0.65820456,0.65035594,0.657338,0.6622081,0.6624149,0.65267247,0.6565888,0.6572435,0.674032,0.64882386,0.65901494,0.66276264,0.63789886,0.6533709,0.661149,0.6728326,0.6674445,0.65385616,0.66857314,0.65066487,0.6595081,0.6596081,0.6549251,0.68316185,0.67288685,0.6698338,0.6820703,0.6616178,0.67279136,0.66699857,0.67936456,0.6941076,0.679275,0.6812889,0.66970885,0.6857878,0.67737764,0.66973424,0.6876686,0.7174535,0.6833722
Western Australia,Beverley (S),0.40964046,0.40431732,0.44742587,0.38890427,0.42229038,0.41847038,0.4282711,0.41363552,0.42715997,0.4152879,0.4485823,0.42389682,0.3904184,0.42323324,0.41623896,0.4501417,0.41012603,0.4366157,0.40789104,0.39604056,0.39528558,0.42401457,0.41109103,0.4577087,0.38034126,0.40078673,0.4348932,0.40711898,0.38223827,0.40494606,0.4231696,0.41951975,0.42592764,0.399032,0.46099234,0.41929597,0.4311986,0.3899854,0.41020113,0.4551809,0.45089287
Western Australia,Boddington (S),0.5584491,0.54611677,0.55762863,0.5442202,0.55329055,0.5470617,0.5518857,0.5536061,0.5625155,0.5570932,0.56748074,0.5648708,0.5269782,0.5536878,0.5487063,0.55982596,0.5612455,0.55981994,0.54006493,0.5450824,0.5444153,0.5805713,0.55209893,0.5733865,0.5206494,0.54378605,0.5804118,0.5433235,0.52914333,0.5192473,0.5802425,0.5713499,0.5610992,0.5216301,0.5454253,0.5576507,0.57221204,0.5287076,0.5453079,0.5885815,0.5715388
Western Australia,Boyup Brook (S),0.52816993,0.5402812,0.54370385,0.5532478,0.5371125,0.5176014,0.5392885,0.5410212,0.56520563,0.5393517,0.5626044,0.565215,0.50863886,0.5411836,0.5335787,0.5540494,0.56713027,0.55065435,0.5355437,0.540883,0.56260556,0.5589083,0.55204195,0.59156567,0.530757,0.5394392,0.56675404,0.5438979,0.5337502,0.5399749,0.55345446,0.57004654,0.5592892,0.5531234,0.5913657,0.5361008,0.5390224,0.51654947,0.52863616,0.5978098,0.55186886
Western Australia,Bridgetown-Greenbushes (S),0.6315935,0.6217656,0.6332172,0.64363676,0.6400377,0.61439204,0.62997895,0.62470275,0.64733076,0.6270872,0.6402507,0.6417632,0.604271,0.6292179,0.63652503,0.6447696,0.6368386,0.628853,0.64385515,0.62782156,0.6488621,0.64951575,0.6338247,0.65758026,0.6407394,0.63785964,0.6640356,0.63212836,0.6284138,0.6307931,0.65857697,0.65977395,0.6509388,0.6446896,0.65524447,0.65495086,0.63997984,0.62172365,0.64280015,0.69089854,0.6373029
Western Australia,Busselton (S),0.5844887,0.57966024,0.5830011,0.590553,0.5961125,0.57939434,0.5825747,0.5785589,0.6094094,0.5794994,0.5888592,0.58799535,0.560322,0.5777739,0.58424085,0.5995123,0.5975595,0.58470577,0.5976441,0.5840692,0.5908867,0.58582675,0.57893443,0.61354095,0.57442755,0.5808581,0.60262924,0.5677881,0.5839673,0.58181244,0.59361726,0.60893166,0.5986668,0.60601497,0.60931647,0.5979538,0.5870213,0.5748686,0.60071886,0.6392533,0.5937014
Western Australia,Carnarvon (S),0.20242418,0.20294356,0.23579034,0.19476447,0.19741583,0.20133953,0.20076774,0.1991964,0.20143871,0.1972287,0.21807292,0.20536688,0.20696653,0.21564282,0.23658805,0.22297429,0.22327542,0.24225068,0.23803942,0.20789234,0.1992362,0.18787254,0.21550474,0.23210095,0.20296566,0.20228432,0.23842472,0.19830899,0.18201901,0.24980989,0.20287722,0.19115087,0.19135906,0.23379287,0.19164996,0.19248588,0.19285917,0.19117078,0.17575966,0.26253948,0.23032856
Western Australia,Collie (S),0.6298493,0.61543894,0.6174001,0.61329335,0.61701167,0.6010149,0.61765504,0.61345714,0.6214789,0.6129795,0.6237783,0.62675524,0.5945955,0.60668147,0.6138881,0.6222574,0.6174242,0.61655104,0.6033009,0.5961644,0.59139425,0.62704307,0.61518735,0.6301007,0.61261624,0.6111225,0.64327854,0.6166689,0.6211861,0.60613203,0.6653934,0.65483946,0.64731526,0.59658366,0.6178787,0.6510319,0.6492673,0.62065876,0.61645544,0.68030584,0.6535086
Western Australia,Coolgardie (S),0.29305992,0.29216143,0.32373473,0.29651344,0.30245724,0.31460622,0.31373575,0.3106158,0.30275512,0.29200897,0.33286795,0.3291168,0.3046449,0.34293437,0.3248187,0.32253283,0.32329208,0.35594556,0.37972364,0.3254462,0.29936197,0.29335248,0.3208378,0.29236192,0.3127605,0.28310478,0.27375323,0.29927254,0.28600547,0.28913653,0.30926588,0.30998263,0.32225147,0.32192314,0.32225502,0.3285201,0.31428644,0.3097902,0.29012948,0.29377386,0.29702494
Western Australia,Dandaragan (S),0.39773506,0.39049855,0.4187461,0.38190067,0.41530076,0.40792355,0.4181192,0.39249775,0.39911136,0.39030072,0.43632406,0.40409964,0.37540072,0.40673637,0.3956286,0.4063636,0.40900496,0.43573612,0.40821716,0.40601522,0.4296425,0.3894088,0.4115909,0.42528686,0.3765958,0.36814204,0.3938988,0.3917065,0.37038708,0.368351,0.39498734,0.41356087,0.41314602,0.391633,0.4217881,0.3839911,0.3984837,0.36458862,0.36716253,0.39842728,0.4417604
Western Australia,Dardanup (S),0.62567544,0.60252416,0.60657,0.6235454,0.6209819,0.6024333,0.6077121,0.60634476,0.6241378,0.60253155,0.61252475,0.62212497,0.58035916,0.605441,0.6096468,0.6274469,0.62058693,0.60863245,0.61899126,0.60785055,0.6218093,0.6170377,0.61179143,0.64465344,0.59059364,0.61729264,0.63473,0.5829378,0.5921061,0.6019865,0.6213846,0.63484925,0.61641395,0.6115946,0.633991,0.6093057,0.6142694,0.5948804,0.61802477,0.6619827,0.61631703
Western Australia,Denmark (S),0.6623205,0.6479896,0.6563636,0.66395885,0.6572445,0.6472838,0.6551103,0.6693193,0.66976887,0.6460535,0.6559228,0.6661238,0.6446959,0.65840477,0.67189264,0.6681037,0.66771454,0.66227454,0.6622496,0.64379066,0.6693091,0.6482286,0.6767952,0.67332906,0.6819002,0.654773,0.67580193,0.67269975,0.65842044,0.6742712,0.6835659,0.688395,0.6584776,0.6592501,0.6839125,0.6867254,0.6633757,0.6571031,0.6672651,0.70785695,0.68828696
Western Australia,Derby-West Kimberley (S),0.29530084,0.2906247,0.2939729,0.26286334,0.27445987,0.27219662,0.275893,0.28348026,0.25206873,0.27815324,0.24753717,0.28667536,0.26946986,0.3096786,0.29108804,0.3069327,0.29175526,0.31102622,0.3312528,0.30909818,0.2789401,0.26995575,0.3034928,0.25765944,0.3154295,0.29425415,0.29016116,0.29344973,0.28516167,0.33357072,0.31400648,0.29830056,0.2881396,0.29545394,0.27332836,0.3380674,0.3107738,0.25982797,0.28940234,0.32526693,0.31613156
Western Australia,Donnybrook-Balingup (S),0.64235264,0.6319957,0.6336837,0.6458784,0.6418142,0.6224913,0.63300425,0.6316431,0.6468284,0.6293683,0.6370733,0.6438734,0.611062,0.629555,0.6336328,0.6470884,0.6408651,0.63182706,0.63980216,0.6240638,0.6396183,0.6455184,0.63948417,0.6637673,0.6341478,0.6374443,0.66606015,0.62800425,0.6432456,0.63810474,0.67212766,0.6589815,0.6611535,0.65250796,0.6646221,0.67103285,0.66181564,0.6317528,0.6506875,0.7004501,0.66023356
Western Australia,Dundas (S),0.3002929,0.29359537,0.3094737,0.2853484,0.29952705,0.3001096,0.3022751,0.30769494,0.29544908,0.28291404,0.3372106,0.32726094,0.29477915,0.34083495,0.32270306,0.29902494,0.31159264,0.31944484,0.35702762,0.35325652,0.31479993,0.2843506,0.31890386,0.28324726,0.30362144,0.29572847,0.27078924,0.30236724,0.2887606,0.34034166,0.30134025,0.31058088,0.35002214,0.32733065,0.33727172,0.32822683,0.31939366,0.29270345,0.2606467,0.2670454,0.27086616
Western Australia,East Pilbara (S),0.19670254,0.19335838,0.19327737,0.1808748,0.17450869,0.18331885,0.1934732,0.18658315,0.17683488,0.17302358,0.17351536,0.19313298,0.19350892,0.20718427,0.19415137,0.20529558,0.19580767,0.20823917,0.21714629,0.20397624,0.19522211,0.1928905,0.2117575,0.18479204,0.21452318,0.19890566,0.18393993,0.18150187,0.17917521,0.21311788,0.20042685,0.19856496,0.19979823,0.19341509,0.18630733,0.22133194,0.1974474,0.16994156,0.17844644,0.20741239,0.19922571
Western Australia,Esperance (S),0.37721395,0.37923932,0.41075185,0.38309148,0.4042677,0.4085356,0.40091226,0.40259367,0.40071958,0.36530763,0.4440939,0.4184205,0.36705467,0.401797,0.4031815,0.40376404,0.40160125,0.42915356,0.43802476,0.42133373,0.39280578,0.3896563,0.40622914,0.39736018,0.40090132,0.40559688,0.38366422,0.4203445,0.3763367,0.37899533,0.39051256,0.42735997,0.42324778,0.4273152,0.4247645,0.43335044,0.41451326,0.36860758,0.34784,0.3897916,0.39543235
Western Australia,Exmouth (S),0.19905679,0.19021563,0.22546718,0.19960329,0.19327268,0.19370423,0.19924474,0.19187918,0.2013889,0.18740466,0.21556948,0.21358591,0.20419653,0.21238641,0.21465045,0.20428763,0.2066778,0.23688012,0.23877302,0.201223,0.20169866,0.18082626,0.18517858,0.2096242,0.20261869,0.18504319,0.21870738,0.19462062,0.18664429,0.23699808,0.19503863,0.19695663,0.21837491,0.24505037,0.21303171,0.20289378,0.19852985,0.19067284,0.18036133,0.21511984,0.23500662
Western Australia,Gingin (S),0.4345338,0.42036346,0.43934178,0.4171989,0.4462009,0.44147316,0.43853325,0.42387474,0.43345597,0.4229662,0.4562134,0.43743017,0.4081491,0.4324439,0.42990535,0.43495518,0.43133757,0.45560035,0.44695628,0.4289977,0.45629585,0.43678245,0.44112885,0.4414259,0.42310095,0.41537175,0.43523863,0.4169253,0.4026509,0.39190668,0.43838122,0.43514746,0.4387776,0.43069783,0.44631007,0.43699774,0.4385916,0.4097635,0.4090575,0.44012544,0.45196858
Western Australia,Halls Creek (S),0.2379713,0.23100884,0.22677287,0.19983123,0.21455555,0.21558738,0.217937,0.2181443,0.20052278,0.21790002,0.19503056,0.22958522,0.22634405,0.2347091,0.22246346,0.23702773,0.21650176,0.2387044,0.26265195,0.25190875,0.22901776,0.21151112,0.2510952,0.20100957,0.24558291,0.23590103,0.21678269,0.2139511,0.22449148,0.26028153,0.23370309,0.21433413,0.23584063,0.22637506,0.22728547,0.26168573,0.21645254,0.18163441,0.21518719,0.25518945,0.23166727
Western Australia,Harvey (S),0.6119524,0.59760314,0.59794736,0.60463333,0.6019787,0.59432304,0.59779036,0.6013799,0.6083921,0.5933923,0.603647,0.6050052,0.5770198,0.5940756,0.5994685,0.6064904,0.6026106,0.5993936,0.59279984,0.59066844,0.5974185,0.6075266,0.59846145,0.61825407,0.586947,0.60103506,0.6212019,0.59122664,0.5727931,0.58964866,0.6235082,0.6305326,0.6159294,0.6066094,0.6086704,0.61132777,0.6176822,0.5930757,0.60734034,0.6416,0.6171207
Western Australia,Jerramungup (S),0.39261973,0.41084942,0.43102348,0.40808007,0.4297285,0.40614888,0.4363829,0.43009466,0.44741815,0.4130091,0.47931933,0.47453693,0.36957607,0.4144647,0.39083055,0.46348527,0.45355532,0.43123516,0.41071975,0.390766,0.38454053,0.4640228,0.41586518,0.47123387,0.43551522,0.4255815,0.40768126,0.41262752,0.39489603,0.4150677,0.40665475,0.4491102,0.42308265,0.43030363,0.4828764,0.46699375,0.38382956,0.39064804,0.3818589,0.4591729,0.4679367
Western Australia,Kalgoorlie/Boulder (C),0.22620937,0.23712768,0.23256734,0.2179325,0.22723913,0.22917993,0.22778195,0.23878409,0.22707184,0.22418383,0.27198598,0.24707569,0.23115002,0.29862475,0.2707571,0.23701945,0.25594455,0.2547058,0.30501714,0.287945,0.24520902,0.23425229,0.24978052,0.21602382,0.24400163,0.23157692,0.20817868,0.21575534,0.22225511,0.33145478,0.24219978,0.22784731,0.26805282,0.2480702,0.26070926,0.26520115,0.27711654,0.22527388,0.2045176,0.20009518,0.1958099
Western Australia,Laverton (S),0.19876637,0.20026842,0.19915557,0.1933642,0.18611985,0.196043,0.19452015,0.1946232,0.18856403,0.18624763,0.21924843,0.20670557,0.2027302,0.22353616,0.21498139,0.2023688,0.21153203,0.21218775,0.22689255,0.21185566,0.20391132,0.20782395,0.22287285,0.19080769,0.22081834,0.21291523,0.19754854,0.19857086,0.18685016,0.23579477,0.21717983,0.19224428,0.20863079,0.19619764,0.21663745,0.23304915,0.22460821,0.18996555,0.1871271,0.19515209,0.18865791
Western Australia,Manjimup (S),0.70140666,0.6899637,0.6943829,0.70099914,0.7021503,0.68728626,0.69395137,0.69673455,0.7074172,0.6918017,0.69419074,0.6999098,0.6802254,0.6946872,0.70809734,0.70849025,0.7013252,0.6997444,0.7003447,0.68701905,0.7008805,0.6904633,0.7075651,0.7091415,0.71634144,0.70056456,0.71423274,0.7177594,0.69485885,0.69198364,0.712404,0.7229353,0.7080863,0.6754064,0.7100097,0.7226181,0.70530677,0.69907594,0.7134222,0.7350864,0.7161949
Western Australia,Meekatharra (S),0.17144936,0.16792947,0.19327648,0.16655292,0.16667095,0.18309452,0.17877471,0.18352647,0.16735157,0.16160661,0.19609046,0.18396968,0.1748315,0.20135677,0.18736051,0.21173128,0.18446605,0.20933568,0.22168149,0.18654364,0.17285301,0.17637274,0.18401875,0.16080514,0.21493268,0.17626876,0.17384748,0.16213582,0.14932092,0.18939248,0.1949379,0.17118797,0.18188629,0.20262513,0.18026277,0.19180365,0.1759063,0.15778877,0.16902898,0.1615372,0.17386356
Western Australia,Menzies (S),0.21601482,0.224324,0.22561473,0.21317264,0.21503673,0.22205848,0.22087185,0.22404954,0.21759829,0.21359107,0.251975,0.23475765,0.2243386,0.26533958,0.24767016,0.23042856,0.23940872,0.24512959,0.26309836,0.24756865,0.22288844,0.22500277,0.2449503,0.21425726,0.24887517,0.23222311,0.21235612,0.214613,0.21480556,0.27942458,0.24170901,0.22224912,0.23802105,0.22414576,0.23665252,0.25163096,0.25969747,0.22293623,0.20822355,0.21425079,0.21104701
Western Australia,Murray (S),0.5797356,0.55797184,0.5707477,0.5699203,0.57373697,0.5733004,0.56741065,0.5686314,0.58476657,0.5650536,0.57169425,0.5689561,0.54137415,0.56430054,0.57279336,0.580951,0.57347465,0.5753737,0.5734985,0.56942135,0.56552815,0.5863183,0.5710815,0.5847851,0.5486154,0.5633611,0.59310365,0.55631316,0.54795927,0.532606,0.5833695,0.5812828,0.56761754,0.5560594,0.5632941,0.57707465,0.58544475,0.56229633,0.56528234,0.60138774,0.5882008
Western Australia,Nannup (S),0.6916662,0.68560714,0.6871619,0.6946314,0.6958948,0.68385667,0.6877691,0.68806577,0.6992356,0.6829845,0.68986124,0.69280446,0.6742927,0.6840627,0.69897,0.7020761,0.693139,0.6888151,0.68545645,0.6784116,0.69046885,0.688957,0.69643027,0.7114795,0.7173165,0.69864774,0.7129389,0.70277166,0.7051793,0.6808068,0.70720524,0.73538,0.7176693,0.7147995,0.70334256,0.7285283,0.714544,0.69203275,0.7104909,0.74109465,0.7185092
Western Australia,Ngaanyatjarraku (S),0.19369832,0.19554561,0.18320855,0.17326267,0.16865927,0.18212678,0.18511121,0.18644945,0.17758062,0.17067137,0.19716498,0.19311051,0.19216444,0.19665179,0.18078558,0.19410574,0.2017634,0.20338091,0.22910576,0.21693042,0.20340839,0.18256083,0.21256994,0.17886563,0.20354079,0.20643608,0.17905891,0.1763675,0.17612289,0.21886379,0.19862315,0.18786646,0.18381451,0.16935048,0.1953012,0.21337707,0.19329496,0.15925138,0.15684043,0.2029741,0.18588105
Western Australia,Northampton (S),0.29470924,0.30747408,0.34230742,0.29218298,0.31748492,0.31615,0.3212297,0.29813358,0.30879635,0.3077494,0.32329467,0.31151557,0.2902782,0.30844808,0.32789743,0.3329035,0.3310965,0.34004864,0.35497788,0.32703212,0.31685376,0.3043178,0.31305656,0.323053,0.27992278,0.24424525,0.2900499,0.28969225,0.27916378,0.31946674,0.3001756,0.27743593,0.2684779,0.31000516,0.3215307,0.29372025,0.30288768,0.27790472,0.2873466,0.32324547,0.3358055
Western Australia,Plantagenet (S),0.5788932,0.56048906,0.57449275,0.57721245,0.57890487,0.5483601,0.572925,0.5829393,0.6013668,0.56041235,0.58636135,0.6057638,0.5481968,0.57345426,0.5678127,0.5929783,0.60176116,0.58215606,0.5772354,0.54968464,0.59314066,0.59092,0.5808675,0.62047285,0.5830491,0.56322354,0.58757484,0.5862797,0.5585396,0.56563365,0.5756938,0.59953207,0.5725306,0.5784293,0.6102778,0.59511966,0.54862833,0.56066346,0.53971124,0.6143617,0.6167676
Western Australia,Port Hedland (T),0.21487275,0.20098278,0.21809487,0.1910441,0.17968324,0.19926554,0.22604117,0.22409217,0.18559179,0.18749204,0.18631357,0.2148745,0.20421031,0.21990575,0.20745581,0.22948776,0.20304964,0.23972733,0.25688905,0.22684833,0.19719185,0.20267451,0.21798699,0.19208974,0.25834712,0.22133449,0.20056789,0.20345324,0.17262548,0.23451956,0.22772647,0.2358362,0.2160909,0.21021207,0.18176797,0.24717025,0.21515018,0.21316925,0.22206901,0.23192145,0.20976257
Western Australia,Ravensthorpe (S),0.3835582,0.40704164,0.4183395,0.38787642,0.4282804,0.41398728,0.4262505,0.42556554,0.41863278,0.37499443,0.4683815,0.451627,0.3719796,0.41377315,0.40106678,0.43807927,0.4346712,0.44908732,0.43090996,0.42011333,0.40223926,0.40047285,0.39177066,0.4056037,0.41821265,0.40805295,0.38980103,0.4165003,0.39730456,0.42212227,0.42526972,0.45934224,0.44775623,0.4574279,0.48035336,0.4757329,0.42138582,0.38537595,0.39376214,0.44464353,0.46197796
Western Australia,Roebourne (S),0.18975386,0.16402613,0.20768885,0.17741056,0.16632147,0.18725693,0.19519454,0.20498838,0.1727562,0.17454726,0.18309624,0.20036426,0.18792456,0.22082306,0.20199408,0.20201847,0.19818033,0.222874,0.23487984,0.19250007,0.16519433,0.15759337,0.19462505,0.19113225,0.25255448,0.19020712,0.19551632,0.20368706,0.15846562,0.23751463,0.19735959,0.21026914,0.19604628,0.19134513,0.17719221,0.21734521,0.18767215,0.17473327,0.19441374,0.22327095,0.20938833
Western Australia,Serpentine-Jarrahdale (S),0.5765827,0.5593218,0.57621706,0.56860995,0.5797151,0.5797444,0.57327056,0.5690857,0.5916077,0.57256687,0.58937585,0.57435644,0.54373115,0.5682655,0.57532007,0.5848746,0.57472867,0.58226436,0.58293337,0.576563,0.5690286,0.59368056,0.5825723,0.591363,0.55413234,0.5777424,0.61377233,0.5775805,0.5742223,0.5554033,0.6149329,0.5949185,0.5989367,0.5675778,0.57728153,0.5974684,0.595007,0.56777114,0.5678627,0.60097057,0.5790932
Western Australia,Toodyay (S),0.46007007,0.44822073,0.4765352,0.43413675,0.46830973,0.4582048,0.46390718,0.45486495,0.47613308,0.4587681,0.49071437,0.46346235,0.43145457,0.46456176,0.46201575,0.4764612,0.45865068,0.4900259,0.46213695,0.44863233,0.4630676,0.48076627,0.4699844,0.48602015,0.43433625,0.4469478,0.46771163,0.44867194,0.4249274,0.43792504,0.45971623,0.46368605,0.46557468,0.443119,0.4969275,0.4547925,0.47270006,0.4407163,0.44959784,0.49118456,0.49344397
Western Australia,Wandering (S),0.5042556,0.48999813,0.5163408,0.49491373,0.5048237,0.5028894,0.5116098,0.5082227,0.52748775,0.50914043,0.5384203,0.51889896,0.4825116,0.50854164,0.50192654,0.52626944,0.5109085,0.5165661,0.49402145,0.49896,0.5009654,0.50236106,0.5040628,0.5303997,0.47279617,0.4987079,0.531485,0.49563825,0.47680107,0.47583503,0.5274207,0.513921,0.5123634,0.4858314,0.516416,0.5142446,0.51691055,0.4900947,0.50029635,0.5448226,0.5303766
Western Australia,Waroona (S),0.59956414,0.5857823,0.5864781,0.5875437,0.58888865,0.58969355,0.58611584,0.5873589,0.60143006,0.58589375,0.59575313,0.5913257,0.5634529,0.58296514,0.5867154,0.5920626,0.58983076,0.5868829,0.5801482,0.57540274,0.582119,0.58918047,0.58179617,0.60391015,0.5622506,0.5915197,0.6152508,0.5856278,0.56529206,0.5682033,0.617269,0.62145376,0.6028482,0.5896713,0.514057,0.57105947,0.6017031,0.579542,0.58882135,0.6163813,0.5952355
Western Australia,West Arthur (S),0.45455098,0.4737554,0.48208863,0.48048553,0.45812875,0.44203252,0.48126888,0.48308364,0.49314144,0.4822432,0.5076427,0.5032713,0.44380182,0.47775963,0.4667859,0.48413205,0.5029976,0.48860195,0.43617997,0.47386822,0.48724118,0.48855382,0.48272473,0.526421,0.43210712,0.4786155,0.49962318,0.46497607,0.4364211,0.462828,0.47993106,0.50479984,0.49568114,0.45236564,0.52780175,0.45843533,0.4644082,0.4348061,0.4518855,0.5279878,0.48998845
Western Australia,Williams (S),0.46516237,0.46883392,0.4889256,0.47938138,0.47219625,0.4636299,0.4872852,0.4880235,0.49905244,0.49087313,0.5271138,0.5005067,0.45534864,0.48537675,0.47051176,0.49560025,0.513018,0.4899175,0.44260865,0.47252885,0.49029538,0.49922138,0.47984877,0.52777356,0.41979727,0.48293537,0.5099007,0.46849373,0.4426214,0.45530346,0.49276516,0.507327,0.49344975,0.45345205,0.52732074,0.48105925,0.4853436,0.44414562,0.4779696,0.5427718,0.4980582
Western Australia,Wiluna (S),0.18253529,0.18568583,0.19093187,0.17808165,0.16908172,0.18901424,0.1866969,0.17800102,0.17274334,0.1697706,0.19815403,0.19285378,0.18827811,0.20885342,0.1960415,0.20362858,0.19208509,0.2051259,0.21942827,0.1969728,0.196978,0.19753186,0.20240568,0.17230184,0.21052039,0.20121284,0.1799117,0.17234452,0.16554734,0.20846152,0.20160066,0.19014429,0.18851013,0.1895285,0.18700004,0.21103325,0.18892342,0.15969208,0.16955793,0.18528683,0.18703386
Western Australia,Wyndham-East Kimberley (S),0.32939297,0.33240688,0.3265694,0.3051838,0.31691405,0.32350522,0.3250946,0.329802,0.31004578,0.3123805,0.29701394,0.32235798,0.32097313,0.34402156,0.3316129,0.33218494,0.33333185,0.3495007,0.36012143,0.3440712,0.31858945,0.30241865,0.3426916,0.31280583,0.34695777,0.33791444,0.3338351,0.33921844,0.349137,0.37077475,0.35072395,0.3446078,0.35179916,0.3402995,0.33662856,0.36874077,0.35143843,0.31236896,0.3271813,0.3537191,0.35434482
Western Australia,Yilgarn (S),0.3001145,0.29900998,0.33733878,0.29778856,0.31192717,0.31084105,0.31901383,0.31371433,0.30725414,0.29936007,0.3508169,0.32895312,0.29459316,0.33605865,0.3299139,0.33210015,0.32904813,0.35589176,0.36517408,0.31380758,0.28637815,0.30038813,0.3258277,0.31873393,0.3235439,0.29738516,0.29707366,0.31472754,0.28503248,0.2907081,0.29797152,0.28985927,0.29880974,0.30553234,0.32518178,0.3114421,0.30700904,0.30533746,0.28700766,0.30986974,0.31470913
Western Australia,York (S),0.41278213,0.40851521,0.4407165,0.38570574,0.42767835,0.4178212,0.42624292,0.41305986,0.43195122,0.4165607,0.44390196,0.42718074,0.39092916,0.4323676,0.4207091,0.44933394,0.41416866,0.44572783,0.41273236,0.40166232,0.39896604,0.43232143,0.41948235,0.44594142,0.38809866,0.41000888,0.43827927,0.41337085,0.38010502,0.40529835,0.41977844,0.42260006,0.4292036,0.40349606,0.4606496,0.4238812,0.43009007,0.39333034,0.4083647,0.4518444,0.45349014
New South Wales,Wentworth (A),0.23748368,0.2662594,0.29939047,0.2521057,0.25098568,0.2668297,0.28877234,0.3217499,0.29291382,0.27535108,0.27221367,0.30807245,0.2736181,0.29493344,0.27415103,0.25796533,0.25132728,0.27317867,0.32170781,0.28600186,0.24140805,0.2525537,0.24639119,0.262092,0.26520717,0.2695327,0.22582597,0.23827612,0.30257836,0.36991096,0.30143386,0.28820428,0.30126426,0.28610036,0.3074605,0.2936012,0.23804548,0.22092786,0.2461107,0.26440877,0.35165486
Queensland,Cairns (R),0.75952893,0.76126313,0.758918,0.75727576,0.7582956,0.7592788,0.7573575,0.7580705,0.76291305,0.7519194,0.74944025,0.7610526,0.750934,0.76139873,0.765198,0.763844,0.7713166,0.7690025,0.75910044,0.761551,0.7423467,0.7486892,0.7608388,0.76758397,0.7534895,0.76932704,0.7632643,0.7594722,0.7784175,0.761169,0.7664219,0.7730969,0.7620397,0.77059716,0.7807144,0.7831875,0.7654265,0.7699604,0.7791013,0.78699803,0.7893275
Queensland,Cassowary Coast (R),0.7355061,0.73843473,0.7402005,0.7329866,0.73965114,0.7387185,0.7437458,0.7390134,0.74096555,0.73125964,0.728073,0.74419475,0.7340918,0.74391603,0.7436019,0.7442168,0.7582828,0.74991214,0.7453194,0.7412685,0.7300829,0.73585033,0.74561554,0.7482599,0.7269804,0.7465231,0.75666004,0.74043685,0.76989317,0.68901175,0.72837746,0.74237996,0.7314095,0.74669784,0.75619817,0.76373255,0.7433787,0.74239874,0.7614713,0.76880616,0.7681322
Queensland,Charters Towers (R),0.34977964,0.37703457,0.3929092,0.36148158,0.3625794,0.34493583,0.36845505,0.4128317,0.4001055,0.3865428,0.33199805,0.32503864,0.33935785,0.34328467,0.33692572,0.38221768,0.43133077,0.40385872,0.45175573,0.40144923,0.36462262,0.33212748,0.3473941,0.34472677,0.3795205,0.39027143,0.42569488,0.4174744,0.45909655,0.4560011,0.44723842,0.39049053,0.37167636,0.33386818,0.38491493,0.38229996,0.37551644,0.41314727,0.39596635,0.43888864,0.45792326
Queensland,Cook (S),0.5184791,0.5121982,0.5233653,0.5326186,0.5083955,0.51476586,0.5095323,0.5333771,0.51040804,0.504264,0.48865372,0.5087241,0.49934244,0.5212924,0.5365348,0.51871294,0.5431108,0.54734355,0.54682,0.5265983,0.50889444,0.4914432,0.52437276,0.5089569,0.5392815,0.524249,0.5298112,0.51950395,0.5556336,0.5459818,0.53797466,0.5270034,0.53890306,0.51551723,0.5368238,0.55052066,0.53451854,0.55010724,0.5374717,0.5726656,0.5739785
Queensland,Hinchinbrook (S),0.6645205,0.6666059,0.67263013,0.6675146,0.67798185,0.66501665,0.6742127,0.68608326,0.6727455,0.6571115,0.64561874,0.6754469,0.65160453,0.6734055,0.67012936,0.6825806,0.71674925,0.6876652,0.6829945,0.6752509,0.6455289,0.64346325,0.6872529,0.68435293,0.7037571,0.6960315,0.70449257,0.67687744,0.7280305,0.65627795,0.6837411,0.6796836,0.67548716,0.67037857,0.70806646,0.7193808,0.6857093,0.6920593,0.6982448,0.72289664,0.72990626
Queensland,Tablelands (R),0.41486073,0.42600188,0.43474773,0.4273626,0.41810685,0.4167354,0.41553468,0.45210698,0.4169936,0.41993564,0.39050025,0.40844226,0.3951985,0.43399584,0.4395597,0.43649256,0.46136746,0.46673357,0.46830377,0.44677624,0.4213952,0.39761266,0.43478426,0.41091472,0.45209962,0.43861362,0.46016222,0.44011897,0.46420124,0.4745299,0.4538907,0.43832073,0.4457899,0.40621933,0.44853282,0.46918485,0.44931272,0.45052126,0.44048122,0.47937113,0.48368213
Queensland,Townsville (C),0.48148054,0.50166005,0.5058829,0.49484253,0.49792263,0.4633425,0.5136811,0.55044824,0.5294686,0.49556494,0.4625965,0.4634411,0.47367835,0.4680026,0.47848576,0.51426154,0.5779573,0.5327482,0.5646044,0.5170526,0.48183778,0.45022395,0.51134527,0.49242204,0.5498882,0.52757347,0.5389925,0.52208734,0.59704334,0.5523523,0.5576949,0.5245811,0.53150076,0.47484887,0.54279536,0.5685864,0.53931946,0.55351466,0.54809827,0.6026305,0.5990469
Queensland,Etheridge (S),0.35055277,0.36750475,0.38765353,0.34743088,0.35790828,0.35951465,0.34603378,0.3943359,0.3669141,0.37439218,0.34042364,0.36016488,0.33593062,0.3789371,0.35970232,0.3803238,0.4065173,0.4060614,0.421089,0.39328286,0.38084468,0.3453858,0.37314847,0.35376054,0.40222114,0.38486683,0.40410194,0.39019608,0.42378616,0.4366621,0.4063468,0.35013306,0.3639123,0.3425265,0.38773742,0.4132654,0.39200634,0.38478142,0.38365212,0.42706734,0.4183473
South Australia,Kangaroo Island (DC),0.51895046,0.5712587,0.5478853,0.5502733,0.542743,0.53330636,0.54434305,0.5403118,0.5274139,0.53186935,0.5782291,0.5529789,0.51945627,0.54485744,0.52615577,0.5324205,0.5438015,0.54006,0.5867679,0.5861817,0.5455522,0.5591842,0.5661934,0.5430272,0.5764239,0.547055,0.4915845,0.5412263,0.55787575,0.5997925,0.57531416,0.5801741,0.5827095,0.5794213,0.6083672,0.60069597,0.5788468,0.5760865,0.48912808,0.5237697,0.5672686
South Australia,Southern Mallee (DC),0.29631492,0.3817262,0.33488646,0.33056214,0.34906054,0.35353258,0.35222414,0.33580008,0.32617864,0.3182595,0.37290826,0.35044935,0.31561208,0.3673372,0.35971993,0.32601818,0.35802844,0.3499409,0.3835562,0.3702036,0.30789873,0.3539518,0.3291899,0.33795294,0.29934955,0.31497556,0.3019456,0.32386965,0.37012145,0.38381904,0.35341433,0.3433569,0.3437568,0.3328711,0.35948202,0.38035387,0.33533677,0.34279034,0.37015474,0.3333698,0.39343262
New South Wales,Armidale Dumaresq (A),0.57399017,0.6416673,0.6473091,0.6201919,0.57127434,0.62614423,0.6281572,0.618911,0.6437956,0.5708526,0.5938279,0.60293484,0.5688482,0.61370933,0.6442892,0.625996,0.63239557,0.6608716,0.60234624,0.6391082,0.5560389,0.6195265,0.59963226,0.59665996,0.6059408,0.62362903,0.6312793,0.6224253,0.65037394,0.6730806,0.62331486,0.6186759,0.5736813,0.62933576,0.6075188,0.6470557,0.5794132,0.48200414,0.6223871,0.6600029,0.681577
New South Wales,Clarence Valley (A),0.69152904,0.7160239,0.7120634,0.7005138,0.66802984,0.70280474,0.70845056,0.70170987,0.6976272,0.6583502,0.69045824,0.6754517,0.65933937,0.68397087,0.70595527,0.6971323,0.68744135,0.72346985,0.6818562,0.700944,0.639873,0.67774814,0.69995713,0.691786,0.7169567,0.71180457,0.7151837,0.7075872,0.7307906,0.73252934,0.7115834,0.71130276,0.69094956,0.7341936,0.70332307,0.73209727,0.72200745,0.6492838,0.69781363,0.73121035,0.73333377
New South Wales,Cooma-Monaro (A),0.47189477,0.54221964,0.55984133,0.5232734,0.50765604,0.51408625,0.54039454,0.55726993,0.54299664,0.5071739,0.55400455,0.54936457,0.5086416,0.5440343,0.53308403,0.52112037,0.52324146,0.5375501,0.55416936,0.5606687,0.51871574,0.5050439,0.46364453,0.5301182,0.48422596,0.5412996,0.50869524,0.49945587,0.5522154,0.5700688,0.56644845,0.5311939,0.5559984,0.5805711,0.5498064,0.55836195,0.50561744,0.50780314,0.51709294,0.58016527,0.6200515
New South Wales,Glen Innes Severn (A),0.59160244,0.650706,0.646665,0.6043741,0.5920186,0.6260678,0.63931835,0.6238368,0.6322374,0.5852023,0.6194962,0.60331887,0.56975657,0.610032,0.64635015,0.6210847,0.62935895,0.6483206,0.6077909,0.6482327,0.55068874,0.61359787,0.6120245,0.5966805,0.6287907,0.62749124,0.6106941,0.6138912,0.6587111,0.66780615,0.6264162,0.6326542,0.58107215,0.6567305,0.63396186,0.66116905,0.59612435,0.5014279,0.62474626,0.6528246,0.6656626
New South Wales,Lithgow (C),0.5955343,0.623868,0.65545255,0.6235528,0.6204035,0.64502406,0.643816,0.63813376,0.6588264,0.5986474,0.6374035,0.63474745,0.58873904,0.6324222,0.6490535,0.6165437,0.6503938,0.6479547,0.6763471,0.65341955,0.5971849,0.60345405,0.6096293,0.63373566,0.5918388,0.6444371,0.65687996,0.6314666,0.6714987,0.67682225,0.6585825,0.63050425,0.62805563,0.6522133,0.6510374,0.6468138,0.6053461,0.61674625,0.6061868,0.6594384,0.6892938
New South Wales,Mid-Western Regional (A),0.4689396,0.5433098,0.5709033,0.5074868,0.50487196,0.54046315,0.5457255,0.5379113,0.57173634,0.49719384,0.54110307,0.54127353,0.47147465,0.5255181,0.56713337,0.5082353,0.56917024,0.5614285,0.61699295,0.56762433,0.48966035,0.56443834,0.52028936,0.54000574,0.46720555,0.5317307,0.5519503,0.49095926,0.60681164,0.5582695,0.551926,0.5163182,0.5515201,0.5532935,0.5778565,0.5352475,0.48110554,0.46935982,0.5852106,0.597066,0.6167169
New South Wales,Oberon (A),0.5603199,0.62756455,0.6682339,0.6302643,0.6193183,0.6465158,0.65052056,0.654013,0.66233903,0.5984961,0.65286386,0.6521515,0.6026927,0.65279466,0.66070837,0.6157289,0.65543634,0.64026815,0.6859361,0.64832115,0.60544056,0.64058614,0.6122564,0.62446725,0.56649506,0.63977575,0.6300122,0.6272727,0.6761145,0.6682324,0.6548961,0.6313479,0.65939987,0.6599478,0.650146,0.6347119,0.59558505,0.6189242,0.6611502,0.6874731,0.701611
New South Wales,Palerang (A),0.51848733,0.58831227,0.62214875,0.57949203,0.5640049,0.5708079,0.591188,0.60559034,0.59692323,0.5482347,0.5978886,0.5991572,0.5426015,0.5957857,0.59865946,0.5657007,0.5754364,0.5937041,0.61528105,0.58598816,0.5349563,0.5845093,0.51258844,0.5782965,0.5273466,0.5797083,0.5649047,0.5378763,0.6064567,0.61318064,0.61746806,0.5841906,0.6151353,0.6197157,0.6046091,0.58984226,0.5440233,0.549671,0.60375327,0.63828516,0.6643646
New South Wales,Richmond Valley (A),0.66255444,0.68547475,0.6887538,0.673007,0.62287486,0.6843394,0.6874364,0.6726906,0.6658885,0.61863226,0.65554154,0.6375464,0.6324827,0.64540625,0.6821693,0.6675123,0.6583844,0.70558274,0.64906484,0.6612586,0.59808695,0.65342134,0.66750723,0.6654484,0.6846983,0.6755713,0.6966625,0.67993176,0.71073484,0.7088205,0.68447864,0.6922733,0.675751,0.7184882,0.69075656,0.7129131,0.69214594,0.6060879,0.66119534,0.71111804,0.7039406
New South Wales,Tumut Shire (A),0.60172355,0.64594126,0.67297757,0.6329334,0.64636946,0.6490138,0.6385714,0.67028916,0.65383613,0.61621237,0.65940267,0.6715473,0.6359732,0.6676084,0.67260253,0.636553,0.6424162,0.6607198,0.67769766,0.664996,0.6381953,0.5976846,0.63481706,0.63953733,0.5984728,0.62355703,0.6619537,0.6459816,0.67283195,0.69845074,0.6723957,0.65667516,0.6688218,0.6717467,0.68033755,0.68642735,0.6508979,0.6646522,0.6391681,0.6748102,0.6882668
New South Wales,Upper Hunter Shire (A),0.5037014,0.565414,0.60021055,0.5559538,0.5075992,0.5603446,0.58165646,0.56624323,0.599163,0.5114592,0.5552601,0.5723661,0.48619452,0.54494613,0.58147454,0.540585,0.5942044,0.60131115,0.6334232,0.58964115,0.4679886,0.58383614,0.56043756,0.55686927,0.48125833,0.57991695,0.6010683,0.5445818,0.6361,0.6001802,0.5667533,0.5517674,0.564883,0.60355395,0.5941166,0.5480998,0.4672587,0.4921432,0.65579736,0.6401991,0.6478589
New South Wales,Warrumbungle Shire (A),0.42432287,0.5060345,0.5135379,0.45539096,0.4405885,0.48608315,0.5070378,0.4979754,0.5163723,0.46302363,0.47168395,0.49693543,0.41541222,0.47009245,0.5111095,0.47945216,0.5189178,0.52792716,0.55626,0.50643337,0.4021285,0.4897827,0.49682912,0.4903657,0.45000964,0.47894153,0.5034434,0.44812572,0.5695327,0.5084137,0.49534163,0.46598607,0.47741735,0.50120217,0.5329419,0.4798985,0.3944325,0.3883472,0.5549849,0.5667905,0.57478195
New South Wales,Bega Valley (A),0.6704171,0.69987565,0.72072077,0.6985154,0.6900533,0.6857449,0.70171404,0.7206895,0.7175427,0.69797796,0.7222995,0.7175845,0.68566126,0.7078172,0.7136069,0.6994792,0.6876161,0.7061798,0.7208343,0.74019647,0.7007256,0.70044434,0.6836638,0.71729964,0.6948174,0.7181555,0.70006377,0.6600164,0.7153018,0.74453175,0.73138547,0.7126561,0.7394443,0.75629634,0.7450321,0.7266221,0.7130018,0.70225674,0.62309355,0.7265447,0.7481915
New South Wales,Blue Mountains (C),0.70614964,0.7141951,0.7309005,0.72062486,0.7175017,0.7286412,0.72458726,0.718993,0.72613454,0.69758135,0.72195846,0.7121671,0.6875284,0.7194254,0.72342074,0.7045809,0.7196143,0.7318853,0.732805,0.7344499,0.6747233,0.67735666,0.7033315,0.7250017,0.7128307,0.7224552,0.7369716,0.7230584,0.7440862,0.75398797,0.7351453,0.7192951,0.71080923,0.7392599,0.7344698,0.7372552,0.7126418,0.7314456,0.68007994,0.7349558,0.7387823
New South Wales,Bombala (A),0.5321583,0.5880785,0.5957072,0.5758014,0.55281854,0.55007577,0.5715652,0.6077176,0.5867118,0.56117046,0.59877175,0.59894,0.5623639,0.5909904,0.5823944,0.55500776,0.5469166,0.57841986,0.6084502,0.63560146,0.5749619,0.52888566,0.5236482,0.5817023,0.53550214,0.58689,0.5174577,0.508874,0.5949595,0.6241512,0.6172206,0.58264244,0.6292391,0.63952553,0.6144557,0.5926126,0.55211,0.5698521,0.554794,0.6359222,0.6607744
New South Wales,Cabonne (A),0.37413695,0.521498,0.5434493,0.48718956,0.4763644,0.52291465,0.52812445,0.5313884,0.54581237,0.46335816,0.5471589,0.5246357,0.4378573,0.5132699,0.52246135,0.4495732,0.5531782,0.5289502,0.5968177,0.54797316,0.45619377,0.4947293,0.4912406,0.4931197,0.39478055,0.49885008,0.49358168,0.46563008,0.5856007,0.53697217,0.5150584,0.4935452,0.5633115,0.5323404,0.56277007,0.49769327,0.41495156,0.4275108,0.59547824,0.5832973,0.60099125
New South Wales,Cessnock (C),0.6694912,0.66693807,0.69612867,0.6773618,0.667163,0.6843807,0.6936099,0.6858032,0.69377786,0.6312088,0.6855271,0.6780247,0.64039797,0.6728823,0.6682799,0.66465324,0.6771202,0.69404835,0.6964769,0.70945746,0.6518965,0.6464461,0.6525231,0.67334646,0.6303878,0.6824153,0.71433824,0.68908215,0.7062389,0.7181646,0.706238,0.7007216,0.68513316,0.7160718,0.70542324,0.6955176,0.66729873,0.6651596,0.69431174,0.7315371,0.7441122
New South Wales,Eurobodalla (A),0.70696944,0.7219881,0.7433672,0.72168595,0.7205691,0.71245426,0.72193307,0.73628014,0.7390201,0.7166639,0.7406566,0.7348506,0.70580775,0.7375824,0.7304242,0.72396547,0.7158821,0.73694235,0.7426006,0.750661,0.7185228,0.7139086,0.7058068,0.7331695,0.7231792,0.73777884,0.7333219,0.6861988,0.7398293,0.76478934,0.7507454,0.75186706,0.7544882,0.77296823,0.76323324,0.7568327,0.7560093,0.7237513,0.61105114,0.745438,0.7683543
New South Wales,Gloucester (A),0.70796007,0.7129072,0.73579234,0.72777116,0.6958772,0.7122793,0.7268116,0.7210086,0.7352972,0.6782196,0.71441877,0.7151441,0.67954767,0.72686976,0.7308905,0.71832514,0.73135656,0.7481489,0.7254032,0.7243957,0.6688373,0.705315,0.71329,0.73611945,0.7087556,0.7219441,0.74006605,0.7315641,0.7430073,0.75509614,0.7201319,0.7130819,0.68968934,0.7404454,0.7142405,0.72413635,0.7087191,0.6421255,0.72862995,0.7495264,0.7538022
New South Wales,Great Lakes (A),0.717008,0.71150464,0.7211793,0.72344625,0.7070219,0.7108486,0.7236745,0.7163634,0.7270132,0.67807597,0.7205255,0.712112,0.6906174,0.7125025,0.717134,0.7191792,0.71925384,0.73719174,0.7178496,0.71989936,0.6902795,0.7063518,0.7167212,0.7270761,0.7087343,0.7221529,0.7317259,0.719917,0.7264757,0.73737437,0.72077715,0.7290596,0.7126331,0.73483026,0.7318627,0.7316682,0.7227391,0.6930425,0.7277501,0.7505061,0.74838376
New South Wales,Greater Taree (C),0.722358,0.72697204,0.7408135,0.74040645,0.7104519,0.72253597,0.73610425,0.7299543,0.7404417,0.684141,0.72331995,0.7219126,0.69039714,0.7344944,0.74085736,0.7321659,0.73527247,0.7562751,0.73057896,0.7279576,0.69005233,0.7202166,0.7276638,0.74304986,0.72105974,0.73679256,0.75061417,0.7411971,0.75034595,0.7614354,0.73613924,0.73627126,0.7171897,0.75403214,0.7374108,0.7448939,0.7346788,0.66416377,0.72954077,0.7527793,0.7603019
New South Wales,Guyra (A),0.5362047,0.61604375,0.6168351,0.5777851,0.54189366,0.59750605,0.60549873,0.58781415,0.60529554,0.5459952,0.57020026,0.5770498,0.5396911,0.5823882,0.61260897,0.5857152,0.6033599,0.61603147,0.57570004,0.61478835,0.5217924,0.593432,0.56781876,0.56471723,0.5789712,0.59753454,0.5917386,0.55837643,0.61472046,0.6381106,0.5927067,0.5810815,0.5441627,0.61780876,0.58770454,0.6352994,0.5400928,0.43705887,0.604294,0.6262603,0.64547664
New South Wales,Hawkesbury (C),0.68407017,0.6844558,0.7076714,0.68567723,0.6882572,0.7017925,0.7052632,0.69700027,0.70820427,0.65597874,0.6943599,0.6878161,0.655915,0.6900119,0.6916427,0.67810655,0.6910011,0.7094036,0.7109455,0.72485566,0.66185915,0.64289427,0.66476625,0.6974767,0.68042785,0.71028936,0.72876143,0.7099728,0.73293895,0.74468225,0.72288954,0.7133138,0.6950916,0.7262807,0.72427577,0.7259621,0.69296163,0.7052892,0.6688893,0.72214335,0.72703785
New South Wales,Inverell (A),0.42645094,0.4940342,0.4997729,0.4481603,0.43465683,0.4779302,0.493031,0.4562085,0.4674423,0.4290826,0.45508236,0.43918395,0.41713265,0.4557136,0.4900896,0.45746028,0.49185696,0.48558742,0.45168817,0.49055925,0.3958754,0.46092346,0.45729035,0.43451113,0.44779664,0.43942615,0.44281775,0.4321665,0.5068661,0.5179514,0.4619024,0.4707963,0.42488605,0.5070406,0.48000592,0.51216525,0.3986796,0.33465385,0.4780019,0.54309046,0.5218724
New South Wales,Kempsey (A),0.71878755,0.73130506,0.73734593,0.73311424,0.708868,0.720758,0.7275159,0.72671205,0.731768,0.68737763,0.7145626,0.7084139,0.6857106,0.72352636,0.73546356,0.72620755,0.72729284,0.74860144,0.72313637,0.72171533,0.66796416,0.70737255,0.7225151,0.7374736,0.72863674,0.7273429,0.7436333,0.73954767,0.7497244,0.75282836,0.7297644,0.7367172,0.70563275,0.7501783,0.7307104,0.7420146,0.736518,0.66702396,0.72762287,0.74442714,0.7575957
New South Wales,Muswellbrook (A),0.5526872,0.57109505,0.61088556,0.56749064,0.55197793,0.585768,0.5979815,0.5802496,0.608215,0.5409786,0.58307004,0.5913491,0.5277256,0.562001,0.5924209,0.5661213,0.60013855,0.5995159,0.6350028,0.61709136,0.5313735,0.57111675,0.57329375,0.5760097,0.524796,0.568654,0.612409,0.57874954,0.63387996,0.6231651,0.59443736,0.5805009,0.5776872,0.61045796,0.61190915,0.5821448,0.5186031,0.53621954,0.5875956,0.63186765,0.64717364
New South Wales,Nambucca (A),0.7586064,0.76980907,0.7723899,0.76770866,0.74833596,0.7592294,0.7626219,0.7614684,0.76847965,0.7403116,0.7556201,0.74624705,0.7302242,0.7589969,0.76970285,0.76151526,0.7599384,0.78312397,0.75741434,0.76401836,0.7099047,0.7501105,0.76353836,0.7708716,0.7666224,0.7561742,0.7788626,0.7764851,0.7858123,0.78977996,0.7736016,0.7814453,0.74933064,0.7886105,0.7694467,0.7820968,0.7763713,0.7440079,0.7747083,0.78694946,0.79826605
New South Wales,Narrabri (A),0.36550584,0.45790276,0.4711749,0.383593,0.39828977,0.43821347,0.46345946,0.43899992,0.4445067,0.4188618,0.4085519,0.42274365,0.36264694,0.42784896,0.45196196,0.429614,0.46663395,0.45688355,0.4497332,0.45320767,0.34959477,0.42167246,0.45024273,0.44331458,0.41654992,0.38207138,0.4220328,0.40767074,0.4812347,0.4551569,0.44719094,0.42181894,0.41304561,0.4422164,0.45305765,0.43441144,0.33810875,0.31535438,0.46307334,0.5012232,0.4864687
New South Wales,Port Macquarie-Hastings (A),0.7522251,0.7648617,0.76824296,0.7685233,0.7484458,0.7575322,0.7623292,0.7580164,0.7672573,0.7230464,0.75009876,0.7498668,0.72768253,0.76216954,0.77002364,0.7626691,0.7638916,0.7804063,0.761296,0.75895345,0.7127786,0.73838574,0.75756323,0.76706177,0.7614163,0.76557064,0.7712964,0.7668785,0.77832216,0.7819861,0.7630628,0.7654501,0.74843895,0.7787907,0.76711756,0.7720957,0.76592916,0.7017853,0.75355923,0.77021545,0.7826578
New South Wales,Shoalhaven (C),0.6994987,0.7114045,0.7362493,0.7226686,0.7146629,0.72003865,0.7186136,0.7247126,0.73380685,0.70007515,0.724923,0.71904093,0.69782317,0.71615815,0.7247778,0.71839076,0.7100963,0.7310936,0.73612016,0.7352319,0.6864379,0.6810453,0.6977605,0.72357947,0.70688576,0.7331513,0.73796844,0.70001644,0.7419509,0.7633432,0.74486303,0.7408522,0.737432,0.7579309,0.74812037,0.74489385,0.7174951,0.7251157,0.6315894,0.72855765,0.7437793
New South Wales,Singleton (A),0.6078705,0.60868067,0.6490699,0.6214528,0.59822077,0.63015264,0.64282984,0.63047403,0.6449781,0.5725944,0.62915623,0.6318461,0.58174574,0.6130874,0.6188706,0.6095648,0.63340485,0.64219326,0.6558845,0.6627155,0.5926585,0.5979375,0.61104745,0.6240096,0.56530464,0.6084986,0.65529996,0.63053226,0.6616095,0.6670182,0.6404842,0.6366412,0.62391955,0.6590448,0.6489724,0.63248384,0.5960808,0.5875101,0.6282129,0.6756284,0.6864876
New South Wales,Snowy River (A),0.47494668,0.54730856,0.55811024,0.5242627,0.500793,0.5040386,0.53735113,0.56421864,0.5513627,0.51231223,0.5567962,0.5611768,0.52969337,0.55222476,0.5391837,0.5100481,0.51312524,0.5330119,0.55898535,0.57096004,0.54333085,0.47330233,0.46291417,0.5192389,0.47415218,0.53389174,0.5007487,0.49047202,0.5681589,0.57087845,0.57344854,0.5306912,0.5837548,0.5867566,0.56698716,0.5748329,0.5089453,0.5270711,0.5404443,0.58852136,0.62309325
New South Wales,Tenterfield (A),0.6047825,0.6448209,0.6482687,0.61575437,0.59699583,0.63689536,0.6403188,0.62143385,0.6256749,0.5785511,0.62079775,0.5941383,0.57300776,0.60717,0.6459713,0.6220328,0.6279114,0.6540434,0.5976381,0.6297444,0.55125886,0.5993671,0.62028605,0.59704876,0.62155515,0.6009981,0.6285029,0.61815894,0.65804243,0.65903246,0.6271044,0.6442849,0.5946356,0.6660632,0.63879544,0.6506129,0.6170795,0.50900096,0.5998608,0.66232324,0.6613432
New South Wales,Tumbarumba (A),0.606247,0.6466842,0.66353256,0.630175,0.6470114,0.6418001,0.6357711,0.6705856,0.6543085,0.6212383,0.65693516,0.68005735,0.64770633,0.66937727,0.6835728,0.64132214,0.64436567,0.6624321,0.6649672,0.6822151,0.64959806,0.5637619,0.61497915,0.6351635,0.59850764,0.61982167,0.64473724,0.6422762,0.67805445,0.7007548,0.68082154,0.66590166,0.66843295,0.67707783,0.6801619,0.6932522,0.66263396,0.67335814,0.6342709,0.6659332,0.68839866
New South Wales,Walcha (A),0.6063337,0.66917396,0.68878585,0.6615188,0.6207413,0.6578336,0.669729,0.66665435,0.68541956,0.61004335,0.6516747,0.6480004,0.6088705,0.65564287,0.67900515,0.66220444,0.67265123,0.6871058,0.66916627,0.6824535,0.5961143,0.665391,0.6519747,0.6444207,0.6252274,0.66196775,0.6697359,0.6667949,0.7010589,0.70093465,0.6596195,0.6445932,0.63847065,0.67503256,0.6541036,0.6739031,0.6115311,0.54210657,0.67141044,0.68355554,0.70143074
New South Wales,Wingecarribee (A),0.63007873,0.65957516,0.6926935,0.67470336,0.6602912,0.67804587,0.67791075,0.6756703,0.6849005,0.6290846,0.6713955,0.66151893,0.63683236,0.66887426,0.6816844,0.6555869,0.6638715,0.6771613,0.69496423,0.69201547,0.613307,0.6468152,0.6112556,0.65783125,0.63365984,0.6880156,0.6828245,0.63889354,0.69258803,0.7101792,0.6955075,0.68671066,0.6848487,0.7109507,0.68576735,0.6900719,0.63154,0.6499089,0.66668326,0.70310134,0.7235289
New South Wales,Wollondilly (A),0.64808834,0.6702973,0.69477975,0.6771424,0.66858315,0.6838874,0.6863844,0.67860895,0.689757,0.64109075,0.67528313,0.6725594,0.6411136,0.68308353,0.68081766,0.6591336,0.6753024,0.6836738,0.6965512,0.6979909,0.6327242,0.63866305,0.6493092,0.66877365,0.6618655,0.6951609,0.70189184,0.6578287,0.71088046,0.725946,0.7156904,0.7076475,0.69048977,0.7237729,0.7046092,0.70826924,0.6436137,0.67780966,0.65014505,0.7148053,0.73059267
Queensland,Banana (S),0.40409178,0.46731648,0.46469367,0.4429162,0.4367983,0.41438508,0.42748833,0.47745326,0.43374875,0.39702997,0.41894004,0.37389863,0.3943494,0.40649593,0.44744346,0.43291974,0.4747781,0.44844407,0.44161895,0.40833542,0.3921357,0.4319671,0.42063826,0.4280332,0.37212393,0.3959462,0.46375355,0.39604908,0.52925557,0.5063865,0.46401724,0.45457974,0.40985927,0.46551722,0.43086204,0.43911064,0.43898892,0.36667573,0.42025697,0.45424223,0.5186466
Queensland,Brisbane (C),0.5242195,0.5384013,0.5412217,0.5335121,0.49006796,0.529856,0.534578,0.52838826,0.5198979,0.48097816,0.527042,0.49030912,0.5055273,0.49955827,0.53550756,0.50871104,0.5270978,0.5566915,0.50927484,0.51467204,0.489743,0.510544,0.50745475,0.50486165,0.49957445,0.4741733,0.528421,0.51479113,0.5503449,0.54036164,0.5172068,0.52125216,0.48669124,0.5369803,0.5027637,0.52472997,0.52716696,0.48423842,0.51196414,0.54734963,0.5641665
Queensland,Bundaberg (R),0.5642915,0.5887422,0.591925,0.5790412,0.57709396,0.577953,0.56333715,0.5983412,0.5525114,0.53015196,0.59059954,0.5511994,0.55320257,0.5605035,0.5861146,0.5545785,0.5957636,0.6089991,0.57738036,0.56216866,0.5215792,0.5762905,0.5949184,0.5720245,0.57107717,0.5575428,0.6052234,0.5700194,0.64438045,0.63241184,0.61780024,0.5795597,0.5522895,0.61350507,0.60045016,0.60117066,0.60940707,0.5177742,0.55263484,0.5765609,0.6564206
Queensland,Central Highlands (R),0.36603284,0.4388767,0.4231342,0.40416643,0.3978231,0.3969687,0.415891,0.43937406,0.4117538,0.38532335,0.3708583,0.35529396,0.36770722,0.36558047,0.40554032,0.405883,0.4460474,0.411661,0.4391275,0.3973442,0.3546498,0.35732195,0.36733663,0.39157507,0.35464984,0.38776186,0.44034898,0.38194853,0.4985097,0.48543042,0.4576696,0.41319382,0.38414386,0.39297727,0.42632762,0.4159842,0.386024,0.36590376,0.37963614,0.40996388,0.4795423
Queensland,Fraser Coast (R),0.6076352,0.6224362,0.6291581,0.6264251,0.61249906,0.6221508,0.61775243,0.6298533,0.6076655,0.58121765,0.62893915,0.60979575,0.60331696,0.61768055,0.6297965,0.6004456,0.63169014,0.65551645,0.62463707,0.6050715,0.5890877,0.61308956,0.63097566,0.62140983,0.61550164,0.59737676,0.6373096,0.61133665,0.660666,0.6565686,0.6385945,0.6141856,0.5739454,0.63579756,0.6156001,0.61260045,0.64666224,0.5992311,0.61353743,0.61474997,0.670601
Queensland,Gladstone (R),0.5062764,0.57159823,0.54690593,0.5481036,0.5630552,0.5352892,0.5405238,0.5650311,0.5297222,0.5217681,0.5483422,0.5117328,0.52073044,0.5124028,0.5587545,0.5357506,0.5485629,0.55865526,0.54834646,0.52191985,0.4899447,0.53269356,0.54876584,0.5269316,0.52630734,0.49802703,0.57478786,0.52269137,0.62040925,0.60046804,0.5755972,0.5532764,0.5456765,0.5715888,0.5562588,0.561968,0.5535354,0.4693365,0.53940254,0.55271804,0.6132241
Queensland,Goondiwindi (R),0.36531866,0.4223322,0.44027722,0.3676446,0.35565358,0.38014796,0.4231988,0.38249373,0.40105784,0.35565218,0.3531606,0.34437263,0.34669667,0.3838603,0.42679256,0.37903547,0.4104212,0.4061479,0.36929998,0.38497424,0.32643843,0.35331985,0.3917805,0.37917647,0.34766522,0.3229334,0.3781645,0.35834238,0.43714997,0.4194468,0.40086517,0.38659656,0.35363808,0.40481976,0.39886937,0.38861862,0.33395535,0.2871269,0.3510999,0.44334823,0.44850898
Queensland,Gympie (R),0.6173185,0.6440782,0.63311356,0.62964267,0.62032,0.62185645,0.6337402,0.6472092,0.6241948,0.5855046,0.6363608,0.60559195,0.6026422,0.6142258,0.62945455,0.6098258,0.65503645,0.67239255,0.6290296,0.6192208,0.56906074,0.62717754,0.6384199,0.6381562,0.58174676,0.59696597,0.65740615,0.60989934,0.68276703,0.66472465,0.6479888,0.6325619,0.5818319,0.6703163,0.6265107,0.6403096,0.6556461,0.6039814,0.62803,0.655006,0.6998607
Queensland,Isaac (R),0.33666456,0.4129482,0.3837087,0.38802913,0.37416825,0.3616124,0.4088622,0.42417508,0.3999109,0.38792363,0.32056952,0.3234047,0.34728354,0.35080114,0.3507296,0.38261732,0.41733855,0.3880414,0.4389754,0.37819493,0.3314882,0.3342123,0.34251,0.3374523,0.34874952,0.3866612,0.41709402,0.3749178,0.46567354,0.46664867,0.43982214,0.40716305,0.377378,0.35044247,0.39567983,0.388455,0.33951584,0.37202343,0.36720866,0.39942455,0.4522593
Queensland,Lockyer Valley (R),0.5699229,0.60388833,0.59421515,0.5603485,0.5396529,0.5634284,0.6007319,0.5839977,0.5801965,0.5139884,0.5823452,0.49362954,0.50402033,0.54381216,0.5995318,0.55762315,0.58583087,0.60217386,0.5387157,0.5840358,0.52203333,0.5474967,0.5688396,0.5429835,0.5355024,0.50984293,0.5915444,0.58594006,0.63013285,0.6354658,0.60215354,0.608553,0.56175756,0.6171454,0.55949605,0.6061648,0.5502347,0.47031972,0.54629403,0.632553,0.6551841
Queensland,Mackay (R),0.5914356,0.62354434,0.61278856,0.6344164,0.6230206,0.60331905,0.6533641,0.6371645,0.62250376,0.61161053,0.57713306,0.6193963,0.6003737,0.6115431,0.6221101,0.6212408,0.66024494,0.6413866,0.64652383,0.61995494,0.58549273,0.587493,0.59871906,0.61301404,0.61908334,0.6542534,0.624461,0.6243172,0.67046994,0.6508139,0.63858783,0.64297444,0.635625,0.61837894,0.6558133,0.6483382,0.6089225,0.6379595,0.64459264,0.6582694,0.6775725
Queensland,Maranoa (R),0.35570845,0.401917,0.4235605,0.35252097,0.35350484,0.3563094,0.38957968,0.3910372,0.40246698,0.33929127,0.33997744,0.3304335,0.36174586,0.3617128,0.3992173,0.3895545,0.4143064,0.39615312,0.3999389,0.36766317,0.3425195,0.35796928,0.38030797,0.35124636,0.31166884,0.319707,0.39816955,0.33919832,0.47532547,0.44079164,0.4139536,0.34569544,0.32924905,0.37050807,0.39362738,0.36381197,0.33819792,0.30488738,0.353892,0.38490376,0.42663327
Queensland,North Burnett (R),0.4729447,0.5092208,0.5152736,0.4773234,0.48376048,0.4714522,0.46609938,0.52183443,0.47923523,0.43685278,0.4955746,0.44941714,0.4520406,0.4601115,0.4980181,0.4778137,0.5261782,0.50463116,0.4743789,0.46773365,0.44810176,0.4844002,0.49849942,0.47706002,0.41900733,0.45709884,0.51173544,0.46485144,0.5689796,0.56524664,0.52226305,0.51086295,0.4450217,0.5457217,0.4763818,0.5055648,0.52701503,0.44163448,0.46739897,0.49672925,0.5763252
Queensland,Rockhampton (R),0.4276856,0.50806856,0.47804534,0.482772,0.49329403,0.44631213,0.5020874,0.51213,0.4760378,0.47108117,0.45512003,0.4245599,0.4405121,0.44761875,0.48893407,0.45434666,0.5004334,0.4799038,0.51056373,0.4717565,0.4258807,0.44958708,0.4435669,0.4697953,0.44840607,0.46530184,0.51568645,0.4638817,0.5628536,0.54890865,0.52045506,0.51337475,0.50410575,0.47538382,0.49704817,0.5061822,0.47003353,0.44402465,0.4961624,0.49647465,0.5506261
Queensland,Scenic Rim (R),0.6013135,0.6451254,0.63245606,0.6030452,0.5719756,0.61766404,0.63595486,0.6300765,0.611365,0.5635291,0.6227618,0.56197196,0.55629194,0.56830364,0.63496923,0.6123047,0.61090493,0.6561245,0.57455146,0.61188084,0.52279836,0.59676784,0.6132366,0.58574224,0.60347205,0.5492094,0.6334279,0.6217212,0.65922105,0.644847,0.6253152,0.639983,0.5806736,0.66725516,0.62918735,0.64853805,0.61158544,0.51213306,0.59825504,0.68325275,0.67641425
Queensland,Somerset (R),0.6003301,0.6233724,0.6102334,0.6064561,0.56296945,0.589712,0.6296822,0.6216396,0.6116214,0.544453,0.61193514,0.54617816,0.5552639,0.57832533,0.6197463,0.57426804,0.6268068,0.6507701,0.5835926,0.5987143,0.54537696,0.5941472,0.60443604,0.58092505,0.5515327,0.5503993,0.6479635,0.6014743,0.66773695,0.6397277,0.63256556,0.6331963,0.57546663,0.6528985,0.57059497,0.63433695,0.62379086,0.53760475,0.59002554,0.65132284,0.67512894
Queensland,South Burnett (R),0.47415364,0.5260752,0.52339417,0.4715432,0.47433552,0.4656176,0.5048249,0.52015525,0.4871464,0.44911,0.49436077,0.44507623,0.4560558,0.46283594,0.5140654,0.46413723,0.5341277,0.5190754,0.46140325,0.49420756,0.43611854,0.46802813,0.5053182,0.47461164,0.4057673,0.44326103,0.5164556,0.48172513,0.5615265,0.5476474,0.5213743,0.51054054,0.4496336,0.53927004,0.49900892,0.5206447,0.51019967,0.43281397,0.48286438,0.5368506,0.5831814
Queensland,Southern Downs (R),0.48145446,0.533128,0.5407471,0.49464005,0.49015605,0.5204738,0.5335692,0.5133636,0.5067194,0.45291042,0.5059861,0.46259442,0.4527789,0.4968811,0.5419087,0.49154335,0.5226056,0.5391009,0.46331152,0.5074751,0.4435953,0.47151366,0.50672674,0.47309342,0.48276243,0.46207023,0.5146543,0.47833574,0.5481889,0.5574633,0.49743676,0.53147924,0.46831015,0.53992385,0.51757014,0.5320571,0.46669006,0.39259008,0.5049544,0.58122087,0.5791087
Queensland,Toowoomba (R),0.42532623,0.4773567,0.49096832,0.445543,0.43510777,0.43523678,0.48881555,0.46211317,0.45975065,0.38363552,0.44159395,0.38481718,0.4148277,0.44209668,0.49164742,0.42576766,0.47812337,0.47438526,0.41680676,0.45282096,0.40572086,0.4548688,0.4527788,0.42239267,0.38900188,0.39874306,0.45341277,0.42279616,0.4971855,0.50575197,0.45555204,0.47424802,0.4222746,0.48910266,0.4577072,0.456147,0.40727147,0.36086315,0.43921968,0.52452934,0.53015333
Queensland,Western Downs (R),0.380065,0.4379094,0.45845968,0.39055446,0.3707052,0.37240005,0.42715108,0.43005478,0.4175773,0.34949973,0.3744093,0.343003,0.38123974,0.39636156,0.4363389,0.40113217,0.4455597,0.4169652,0.37922534,0.36482584,0.3675919,0.4027345,0.40494454,0.37836146,0.34035203,0.3651092,0.4092323,0.37333125,0.46237266,0.4682125,0.4152113,0.400895,0.373192,0.41332892,0.40526554,0.39634335,0.38578022,0.32908434,0.37766236,0.4459671,0.47478652
Queensland,Whitsunday (R),0.36757687,0.40718722,0.39650297,0.42026514,0.39913878,0.36821818,0.44318938,0.45730507,0.42749918,0.413753,0.35027117,0.35290813,0.37864628,0.37791508,0.381095,0.41640115,0.44928,0.4326394,0.4733428,0.41438666,0.37403122,0.3572196,0.37571922,0.3680725,0.38769612,0.41892692,0.44751686,0.4343989,0.4803247,0.4866903,0.46993428,0.4503335,0.40944025,0.39301342,0.4224007,0.43487918,0.3978458,0.44310123,0.4245349,0.47323108,0.48785076
Tasmania,Flinders (M),0.49674916,0.51442987,0.51829904,0.51979506,0.5349442,0.5203014,0.5170134,0.52955,0.50817364,0.51289225,0.52376777,0.5168502,0.5199214,0.5162604,0.5353503,0.49203545,0.51196736,0.5067849,0.54543865,0.5773368,0.54821676,0.51476973,0.52713716,0.5244564,0.5045715,0.46840847,0.4964333,0.5142065,0.53001153,0.5561074,0.54868853,0.53418326,0.5478513,0.5314501,0.5486687,0.5332377,0.53542566,0.53956056,0.5493439,0.5659104,0.562583
Tasmania,Break O'Day (M),0.65843594,0.6901008,0.68552274,0.69157827,0.70000637,0.6701274,0.6843933,0.6967656,0.6788942,0.67870635,0.6972657,0.69198704,0.68466264,0.6933258,0.7038062,0.66822827,0.6771861,0.6931541,0.70617324,0.71128297,0.70844436,0.6897259,0.7042605,0.686851,0.68101835,0.66077346,0.6840865,0.6926091,0.7123189,0.7231764,0.7121603,0.7023737,0.7140307,0.70725965,0.728193,0.71487796,0.6955077,0.70037955,0.7064441,0.73716944,0.7309108
Tasmania,Central Highlands (M),0.6099791,0.6192599,0.61940825,0.6355461,0.64035934,0.6208263,0.6182305,0.6175446,0.6243494,0.6180024,0.6299423,0.6277798,0.6253965,0.6290301,0.6500897,0.623056,0.6156198,0.6330941,0.60340255,0.637883,0.60619575,0.61885256,0.62801915,0.62837213,0.6169572,0.6171114,0.6015164,0.640036,0.6292258,0.6490085,0.64908516,0.6283207,0.6430118,0.6216064,0.6443219,0.64133954,0.64292216,0.61954397,0.6404833,0.6568812,0.6410651
Tasmania,Circular Head (M),0.7091653,0.7088423,0.712792,0.7155174,0.7204489,0.7217008,0.70944536,0.71920633,0.71836996,0.7133039,0.72367996,0.7243869,0.7177489,0.7168687,0.72160536,0.7234459,0.715417,0.72251904,0.712981,0.71008134,0.71038747,0.70517164,0.69064885,0.71734476,0.7201734,0.7082018,0.7109973,0.72661096,0.7227359,0.7286514,0.7374629,0.72758377,0.73565423,0.7355677,0.7070383,0.7325815,0.72210246,0.73066485,0.7316447,0.74467915,0.7188351
Tasmania,Derwent Valley (M),0.7098296,0.7130484,0.7098764,0.7153266,0.71887255,0.71682924,0.7081025,0.70613986,0.7120005,0.71280175,0.7120514,0.7106126,0.711571,0.71647465,0.7194658,0.7162911,0.71236867,0.7181437,0.70281994,0.70888126,0.7034092,0.714134,0.71531755,0.7195526,0.7207668,0.715996,0.6968061,0.71375114,0.71809554,0.7266747,0.73128617,0.7259437,0.71713626,0.7081062,0.7177893,0.72377133,0.7357701,0.7184452,0.7140779,0.7228921,0.7075437
Tasmania,Huon Valley (M),0.7363264,0.73784786,0.73671824,0.74150455,0.7435224,0.74135417,0.7336372,0.73217404,0.7351939,0.73888105,0.73829293,0.7353401,0.736735,0.7428153,0.743498,0.74091744,0.7388751,0.7422292,0.73111176,0.7428598,0.7401378,0.7413819,0.74294186,0.7480652,0.7463154,0.74148184,0.7320049,0.7407447,0.7445663,0.7496337,0.7485956,0.73967165,0.74127954,0.74408543,0.75323755,0.74760646,0.75424016,0.7383682,0.73839474,0.74744123,0.734239
Tasmania,Meander Valley (M),0.6629189,0.67139673,0.6789,0.6835818,0.68688333,0.67344916,0.6693811,0.68835807,0.6729101,0.66907066,0.6819558,0.6936724,0.6793165,0.6817766,0.7002107,0.6790164,0.6732508,0.6958249,0.6779552,0.6930254,0.66852975,0.6741959,0.68634576,0.67769724,0.682355,0.6696799,0.6837869,0.69332767,0.7088705,0.7143266,0.7059036,0.70179486,0.7059208,0.68333656,0.69900995,0.70061326,0.6954751,0.6896087,0.7054455,0.7185279,0.70722175
Tasmania,West Coast (M),0.7522249,0.75403446,0.7527552,0.7518405,0.7547886,0.75579876,0.7499697,0.7471814,0.7520906,0.7527361,0.75264496,0.75263315,0.75023764,0.7537032,0.75201094,0.7544174,0.752984,0.7562648,0.7423439,0.7452502,0.7489398,0.7542089,0.75173175,0.75913143,0.75953597,0.75471216,0.754566,0.7600788,0.75718343,0.7570384,0.76065254,0.7549734,0.75492847,0.75648326,0.75364166,0.76478755,0.765821,0.7599841,0.74696666,0.75986224,0.7507226
